pliki;s³owa
D20181943.txt,D20181947.txt;
D20181937.txt,D20181950.txt;
D20181937.txt,D20181943.txt;centymetr 2, 
D20181943.txt,D20181947.txt;
D20181937.txt,D20181950.txt;
D20181937.txt,D20181943.txt;strona 3, 
D20181943.txt,D20181947.txt;
D20181937.txt,D20181950.txt;
D20181937.txt,D20181943.txt;p³at 4, 
D20181943.txt,D20181947.txt;
D20181937.txt,D20181950.txt;
D20181937.txt,D20181943.txt;wewnêtrzny 5, 
D20181943.txt,D20181947.txt;
D20181937.txt,D20181950.txt;
D20181937.txt,D20181943.txt;god³o 6, 
D20181943.txt,D20181947.txt;
D20181937.txt,D20181950.txt;
D20181937.txt,D20181943.txt;kolor 7, 
D20181943.txt,D20181947.txt;
D20181937.txt,D20181950.txt;
D20181937.txt,D20181943.txt;drzewce 8, 
D20181943.txt,D20181947.txt;
D20181937.txt,D20181950.txt;
D20181937.txt,D20181943.txt;g³ówny 9, 
D20181943.txt,D20181947.txt;
D20181937.txt,D20181950.txt;
D20181937.txt,D20181943.txt;kolorz 10, 
D20181943.txt,D20181947.txt;
D20181937.txt,D20181950.txt;
D20181937.txt,D20181943.txt;odwrotny 11, 
D20181943.txt,D20181947.txt;
D20181937.txt,D20181950.txt;
D20181937.txt,D20181943.txt;po¿arny 12, 
D20181943.txt,D20181947.txt;
D20181937.txt,D20181950.txt;
D20181937.txt,D20181943.txt;sprawa 13, 
D20181943.txt,D20181947.txt;
D20181937.txt,D20181950.txt;sprawa 13, 
D20181943.txt,D20181937.txt;
D20181937.txt,D20181943.txt;stra¿ 14, 
D20181943.txt,D20181947.txt;
D20181937.txt,D20181950.txt;
D20181937.txt,D20181943.txt;szerokoœæ 15, 
D20181943.txt,D20181947.txt;
D20181937.txt,D20181950.txt;
D20181937.txt,D20181943.txt;z³ota 16, 
D20181943.txt,D20181947.txt;
D20181937.txt,D20181950.txt;
D20181937.txt,D20181943.txt;pañstwowy 17, 
D20181943.txt,D20181947.txt;
D20181937.txt,D20181950.txt;pañstwowy 17, 
D20181943.txt,D20181937.txt;
D20181937.txt,D20181943.txt;d³ugoœæ 18, 
D20181943.txt,D20181947.txt;
D20181937.txt,D20181950.txt;
D20181937.txt,D20181943.txt;krzy¿ 19, 
D20181943.txt,D20181947.txt;
D20181937.txt,D20181950.txt;
D20181937.txt,D20181943.txt;napis 20, 
D20181943.txt,D20181947.txt;
D20181937.txt,D20181950.txt;
D20181937.txt,D20181943.txt;otrzymywaæ 21, 
D20181943.txt,D20181947.txt;
D20181937.txt,D20181950.txt;
D20181937.txt,D20181943.txt;umieœciæ 22, 
D20181943.txt,D20181947.txt;
D20181937.txt,D20181950.txt;
D20181937.txt,D20181943.txt;wizerunek 23, 
D20181943.txt,D20181947.txt;
D20181937.txt,D20181950.txt;
D20181937.txt,D20181943.txt;bycie 24, 
D20181943.txt,D20181947.txt;
D20181937.txt,D20181950.txt;
D20181937.txt,D20181943.txt;bóg 25, 
D20181943.txt,D20181947.txt;
D20181937.txt,D20181950.txt;
D20181937.txt,D20181943.txt;dolny 26, 
D20181943.txt,D20181947.txt;
D20181937.txt,D20181950.txt;
D20181937.txt,D20181943.txt;kszta³t 27, 
D20181943.txt,D20181947.txt;
D20181937.txt,D20181950.txt;
D20181937.txt,D20181943.txt;metalowy 28, 
D20181943.txt,D20181947.txt;
D20181937.txt,D20181950.txt;
D20181937.txt,D20181943.txt;ojczyzna 29, 
D20181943.txt,D20181947.txt;
D20181937.txt,D20181950.txt;
D20181937.txt,D20181943.txt;organizacyjny 30, 
D20181943.txt,D20181947.txt;
D20181937.txt,D20181950.txt;
D20181937.txt,D20181943.txt;umieszczaæ 31, 
D20181943.txt,D20181947.txt;
D20181937.txt,D20181950.txt;
D20181937.txt,D20181943.txt;wzór 32, 
D20181943.txt,D20181947.txt;wzór 32, 
D20181943.txt,D20181950.txt;
D20181937.txt,D20181943.txt;œwiêty 33, 
D20181943.txt,D20181947.txt;
D20181937.txt,D20181950.txt;
D20181937.txt,D20181943.txt;rozporz¹dzenie 34, 
D20181943.txt,D20181947.txt;rozporz¹dzenie 34, 
D20181943.txt,D20181950.txt;rozporz¹dzenie 34, 
D20181943.txt,D20181937.txt;
D20181937.txt,D20181943.txt;brzmienie 35, 
D20181943.txt,D20181947.txt;
D20181937.txt,D20181950.txt;
D20181937.txt,D20181943.txt;za³¹cznik 36, 
D20181943.txt,D20181947.txt;za³¹cznik 36, 
D20181943.txt,D20181950.txt;za³¹cznik 36, 
D20181943.txt,D20181937.txt;
D20181937.txt,D20181943.txt;bia³y 37, 
D20181943.txt,D20181947.txt;
D20181937.txt,D20181950.txt;
D20181937.txt,D20181943.txt;emisja 38, 
D20181943.txt,D20181947.txt;
D20181937.txt,D20181950.txt;
D20181937.txt,D20181943.txt;górny 39, 
D20181943.txt,D20181947.txt;
D20181937.txt,D20181950.txt;
D20181937.txt,D20181943.txt;honor 40, 
D20181943.txt,D20181947.txt;
D20181937.txt,D20181950.txt;
D20181937.txt,D20181943.txt;krawêdŸ 41, 
D20181943.txt,D20181947.txt;
D20181937.txt,D20181950.txt;
D20181937.txt,D20181943.txt;litera 42, 
D20181943.txt,D20181947.txt;
D20181937.txt,D20181950.txt;
D20181937.txt,D20181943.txt;metr 43, 
D20181943.txt,D20181947.txt;
D20181937.txt,D20181950.txt;
D20181937.txt,D20181943.txt;nadanie 44, 
D20181943.txt,D20181947.txt;
D20181937.txt,D20181950.txt;
D20181937.txt,D20181943.txt;nadawanie 45, 
D20181943.txt,D20181947.txt;
D20181937.txt,D20181950.txt;
D20181937.txt,D20181943.txt;nr 46, 
D20181943.txt,D20181947.txt;
D20181937.txt,D20181950.txt;
D20181937.txt,D20181943.txt;okreœlenie 47, 
D20181943.txt,D20181947.txt;
D20181937.txt,D20181950.txt;
D20181937.txt,D20181943.txt;ramiê 48, 
D20181943.txt,D20181947.txt;
D20181937.txt,D20181950.txt;
D20181937.txt,D20181943.txt;rogi 49, 
D20181943.txt,D20181947.txt;
D20181937.txt,D20181950.txt;
D20181937.txt,D20181943.txt;róg 50, 
D20181943.txt,D20181947.txt;
D20181937.txt,D20181950.txt;
D20181937.txt,D20181943.txt;styczeñ 51, 
D20181943.txt,D20181947.txt;
D20181937.txt,D20181950.txt;
D20181937.txt,D20181943.txt;wieniec 52, 
D20181943.txt,D20181947.txt;
D20181937.txt,D20181950.txt;
D20181937.txt,D20181943.txt;wykonaæ 53, 
D20181943.txt,D20181947.txt;wykonaæ 53, 
D20181943.txt,D20181950.txt;
D20181937.txt,D20181943.txt;wynosiæ 54, 
D20181943.txt,D20181947.txt;
D20181937.txt,D20181950.txt;
D20181937.txt,D20181943.txt;wysokoœæ 55, 
D20181943.txt,D20181947.txt;wysokoœæ 55, 
D20181943.txt,D20181950.txt;
D20181937.txt,D20181943.txt;zbli¿ony 56, 
D20181943.txt,D20181947.txt;
D20181937.txt,D20181950.txt;
D20181937.txt,D20181943.txt;zmieniaæ 57, 
D20181943.txt,D20181947.txt;
D20181937.txt,D20181950.txt;
D20181937.txt,D20181943.txt;znajdowaæ 58, 
D20181943.txt,D20181947.txt;
D20181937.txt,D20181950.txt;
D20181937.txt,D20181943.txt;œrednica 59, 
D20181943.txt,D20181947.txt;
D20181937.txt,D20181950.txt;
D20181937.txt,D20181943.txt;wat 60, 
D20181943.txt,D20181947.txt;wat 60, 
D20181943.txt,D20181950.txt;wat 60, 
D20181943.txt,D20181937.txt;
D20181937.txt,D20181943.txt;egzystencja 61, 
D20181943.txt,D20181947.txt;egzystencja 61, 
D20181943.txt,D20181950.txt;
D20181937.txt,D20181943.txt;niniejszy 62, 
D20181943.txt,D20181947.txt;niniejszy 62, 
D20181943.txt,D20181950.txt;
D20181937.txt,D20181943.txt;jednostka 63, 
D20181943.txt,D20181947.txt;jednostka 63, 
D20181943.txt,D20181950.txt;jednostka 63, 
D20181943.txt,D20181937.txt;
D20181937.txt,D20181943.txt;minister 64, 
D20181943.txt,D20181947.txt;minister 64, 
D20181943.txt,D20181950.txt;minister 64, 
D20181943.txt,D20181937.txt;
D20181937.txt,D20181943.txt;administracja 65, 
D20181943.txt,D20181947.txt;administracja 65, 
D20181943.txt,D20181950.txt;administracja 65, 
D20181943.txt,D20181937.txt;
D20181937.txt,D20181943.txt;okreœliæ 66, 
D20181943.txt,D20181947.txt;okreœliæ 66, 
D20181943.txt,D20181950.txt;okreœliæ 66, 
D20181943.txt,D20181937.txt;
D20181937.txt,D20181943.txt;analogiczny 67, 
D20181943.txt,D20181947.txt;
D20181937.txt,D20181950.txt;
D20181937.txt,D20181943.txt;awatar 68, 
D20181943.txt,D20181947.txt;
D20181937.txt,D20181950.txt;
D20181937.txt,D20181943.txt;barwa 69, 
D20181943.txt,D20181947.txt;
D20181937.txt,D20181950.txt;
D20181937.txt,D20181943.txt;bia³a 70, 
D20181943.txt,D20181947.txt;
D20181937.txt,D20181950.txt;
D20181937.txt,D20181943.txt;biec 71, 
D20181943.txt,D20181947.txt;
D20181937.txt,D20181950.txt;
D20181937.txt,D20181943.txt;bok 72, 
D20181943.txt,D20181947.txt;
D20181937.txt,D20181950.txt;
D20181937.txt,D20181943.txt;b³êkit 73, 
D20181943.txt,D20181947.txt;
D20181937.txt,D20181950.txt;
D20181937.txt,D20181943.txt;b³êkitny 74, 
D20181943.txt,D20181947.txt;
D20181937.txt,D20181950.txt;
D20181937.txt,D20181943.txt;ciemny 75, 
D20181943.txt,D20181947.txt;
D20181937.txt,D20181950.txt;
D20181937.txt,D20181943.txt;czerwieniæ 76, 
D20181943.txt,D20181947.txt;
D20181937.txt,D20181950.txt;
D20181937.txt,D20181943.txt;czerwona 77, 
D20181943.txt,D20181947.txt;
D20181937.txt,D20181950.txt;
D20181937.txt,D20181943.txt;czerwone 78, 
D20181943.txt,D20181947.txt;
D20181937.txt,D20181950.txt;
D20181937.txt,D20181943.txt;czêsty 79, 
D20181943.txt,D20181947.txt;
D20181937.txt,D20181950.txt;czêsty 79, 
D20181943.txt,D20181937.txt;
D20181937.txt,D20181943.txt;dotychczasowy 80, 
D20181943.txt,D20181947.txt;
D20181937.txt,D20181950.txt;
D20181937.txt,D20181943.txt;drewno 81, 
D20181943.txt,D20181947.txt;
D20181937.txt,D20181950.txt;
D20181937.txt,D20181943.txt;dwudzielny 82, 
D20181943.txt,D20181947.txt;
D20181937.txt,D20181950.txt;
D20181937.txt,D20181943.txt;dzia³anie 83, 
D20181943.txt,D20181947.txt;
D20181937.txt,D20181950.txt;
D20181937.txt,D20181943.txt;emblemat 84, 
D20181943.txt,D20181947.txt;
D20181937.txt,D20181950.txt;
D20181937.txt,D20181943.txt;frêdzla 85, 
D20181943.txt,D20181947.txt;
D20181937.txt,D20181950.txt;
D20181937.txt,D20181943.txt;fundator 86, 
D20181943.txt,D20181947.txt;
D20181937.txt,D20181950.txt;
D20181937.txt,D20181943.txt;gwintowaæ 87, 
D20181943.txt,D20181947.txt;
D20181937.txt,D20181950.txt;
D20181937.txt,D20181943.txt;gwóŸdŸ 88, 
D20181943.txt,D20181947.txt;
D20181937.txt,D20181950.txt;
D20181937.txt,D20181943.txt;herba 89, 
D20181943.txt,D20181947.txt;
D20181937.txt,D20181950.txt;
D20181937.txt,D20181943.txt;hymn 90, 
D20181943.txt,D20181947.txt;
D20181937.txt,D20181950.txt;
D20181937.txt,D20181943.txt;inicja³ 91, 
D20181943.txt,D20181947.txt;
D20181937.txt,D20181950.txt;
D20181937.txt,D20181943.txt;koniec 92, 
D20181943.txt,D20181947.txt;
D20181937.txt,D20181950.txt;
D20181937.txt,D20181943.txt;laurowy 93, 
D20181943.txt,D20181947.txt;
D20181937.txt,D20181950.txt;
D20181937.txt,D20181943.txt;lazur 94, 
D20181943.txt,D20181947.txt;
D20181937.txt,D20181950.txt;
D20181937.txt,D20181943.txt;lewa 95, 
D20181943.txt,D20181947.txt;
D20181937.txt,D20181950.txt;
D20181937.txt,D20181943.txt;lipiec 96, 
D20181943.txt,D20181947.txt;
D20181937.txt,D20181950.txt;
D20181937.txt,D20181943.txt;listowie 97, 
D20181943.txt,D20181947.txt;
D20181937.txt,D20181950.txt;
D20181937.txt,D20181943.txt;liœcie 98, 
D20181943.txt,D20181947.txt;
D20181937.txt,D20181950.txt;
D20181937.txt,D20181943.txt;miejscowoœæ 99, 
D20181943.txt,D20181947.txt;
D20181937.txt,D20181950.txt;
D20181937.txt,D20181943.txt;nadaæ 100, 
D20181943.txt,D20181947.txt;
D20181937.txt,D20181950.txt;
D20181937.txt,D20181943.txt;nazwa 101, 
D20181943.txt,D20181947.txt;nazwa 101, 
D20181943.txt,D20181950.txt;
D20181937.txt,D20181943.txt;nieopodal 102, 
D20181943.txt,D20181947.txt;
D20181937.txt,D20181950.txt;
D20181937.txt,D20181943.txt;obramowaæ 103, 
D20181943.txt,D20181947.txt;
D20181937.txt,D20181950.txt;
D20181937.txt,D20181943.txt;obszyæ 104, 
D20181943.txt,D20181947.txt;
D20181937.txt,D20181950.txt;
D20181937.txt,D20181943.txt;obustronnie 105, 
D20181943.txt,D20181947.txt;
D20181937.txt,D20181950.txt;
D20181937.txt,D20181943.txt;obwód 106, 
D20181943.txt,D20181947.txt;
D20181937.txt,D20181950.txt;
D20181937.txt,D20181943.txt;odznaczenie 107, 
D20181943.txt,D20181947.txt;
D20181937.txt,D20181950.txt;
D20181937.txt,D20181943.txt;okr¹g³y 108, 
D20181943.txt,D20181947.txt;
D20181937.txt,D20181950.txt;
D20181937.txt,D20181943.txt;okucie 109, 
D20181943.txt,D20181947.txt;
D20181937.txt,D20181950.txt;
D20181937.txt,D20181943.txt;orzech 110, 
D20181943.txt,D20181947.txt;
D20181937.txt,D20181950.txt;
D20181937.txt,D20181943.txt;orze³ 111, 
D20181943.txt,D20181947.txt;
D20181937.txt,D20181950.txt;
D20181937.txt,D20181943.txt;oznaka 112, 
D20181943.txt,D20181947.txt;
D20181937.txt,D20181950.txt;
D20181937.txt,D20181943.txt;pami¹tkowy 113, 
D20181943.txt,D20181947.txt;
D20181937.txt,D20181950.txt;
D20181937.txt,D20181943.txt;pe³ny 114, 
D20181943.txt,D20181947.txt;
D20181937.txt,D20181950.txt;
D20181937.txt,D20181943.txt;pieczêæ 115, 
D20181943.txt,D20181947.txt;
D20181937.txt,D20181950.txt;
D20181937.txt,D20181943.txt;pierœcieniæ 116, 
D20181943.txt,D20181947.txt;
D20181937.txt,D20181950.txt;
D20181937.txt,D20181943.txt;podobny 117, 
D20181943.txt,D20181947.txt;
D20181937.txt,D20181950.txt;
D20181937.txt,D20181943.txt;powo³anie 118, 
D20181943.txt,D20181947.txt;
D20181937.txt,D20181950.txt;
D20181937.txt,D20181943.txt;poz 119, 
D20181943.txt,D20181947.txt;
D20181937.txt,D20181950.txt;
D20181937.txt,D20181943.txt;po³¹czyæ 120, 
D20181943.txt,D20181947.txt;
D20181937.txt,D20181950.txt;
D20181937.txt,D20181943.txt;poœrodek 121, 
D20181943.txt,D20181947.txt;
D20181937.txt,D20181950.txt;
D20181937.txt,D20181943.txt;po¿arniczy 122, 
D20181943.txt,D20181947.txt;
D20181937.txt,D20181950.txt;
D20181937.txt,D20181943.txt;prawa 123, 
D20181943.txt,D20181947.txt;
D20181937.txt,D20181950.txt;
D20181937.txt,D20181943.txt;pó³kole 124, 
D20181943.txt,D20181947.txt;
D20181937.txt,D20181950.txt;
D20181937.txt,D20181943.txt;rekrutacja 125, 
D20181943.txt,D20181947.txt;
D20181937.txt,D20181950.txt;
D20181937.txt,D20181943.txt;równoramienny 126, 
D20181943.txt,D20181947.txt;
D20181937.txt,D20181950.txt;
D20181937.txt,D20181943.txt;równy 127, 
D20181943.txt,D20181947.txt;
D20181937.txt,D20181950.txt;
D20181937.txt,D20181943.txt;sierpieñ 128, 
D20181943.txt,D20181947.txt;
D20181937.txt,D20181950.txt;
D20181937.txt,D20181943.txt;srebrny 129, 
D20181943.txt,D20181947.txt;
D20181937.txt,D20181950.txt;
D20181937.txt,D20181943.txt;sto¿kowaty 130, 
D20181943.txt,D20181947.txt;
D20181937.txt,D20181950.txt;
D20181937.txt,D20181943.txt;stukaæ 131, 
D20181943.txt,D20181947.txt;
D20181937.txt,D20181950.txt;
D20181937.txt,D20181943.txt;stylizowaæ 132, 
D20181943.txt,D20181947.txt;
D20181937.txt,D20181950.txt;
D20181937.txt,D20181943.txt;sygna³owy 133, 
D20181943.txt,D20181947.txt;
D20181937.txt,D20181950.txt;
D20181937.txt,D20181943.txt;tarcza 134, 
D20181943.txt,D20181947.txt;
D20181937.txt,D20181950.txt;
D20181937.txt,D20181943.txt;taœma 135, 
D20181943.txt,D20181947.txt;
D20181937.txt,D20181950.txt;
D20181937.txt,D20181943.txt;tkanina 136, 
D20181943.txt,D20181947.txt;
D20181937.txt,D20181950.txt;
D20181937.txt,D20181943.txt;toczony 137, 
D20181943.txt,D20181947.txt;
D20181937.txt,D20181950.txt;
D20181937.txt,D20181943.txt;tryb 138, 
D20181943.txt,D20181947.txt;tryb 138, 
D20181943.txt,D20181950.txt;
D20181937.txt,D20181943.txt;trzy 139, 
D20181943.txt,D20181947.txt;
D20181937.txt,D20181950.txt;
D20181937.txt,D20181943.txt;ustaliæ 140, 
D20181943.txt,D20181947.txt;
D20181937.txt,D20181950.txt;
D20181937.txt,D20181943.txt;u¿ywaæ 141, 
D20181943.txt,D20181947.txt;
D20181937.txt,D20181950.txt;
D20181937.txt,D20181943.txt;wprowadzaæ 142, 
D20181943.txt,D20181947.txt;
D20181937.txt,D20181950.txt;
D20181937.txt,D20181943.txt;wzajemnie 143, 
D20181943.txt,D20181947.txt;
D20181937.txt,D20181950.txt;
D20181937.txt,D20181943.txt;wzd³u¿ 144, 
D20181943.txt,D20181947.txt;
D20181937.txt,D20181950.txt;
D20181937.txt,D20181943.txt;zas³ug 145, 
D20181943.txt,D20181947.txt;
D20181937.txt,D20181950.txt;
D20181937.txt,D20181943.txt;zewnêtrzny 146, 
D20181943.txt,D20181947.txt;
D20181937.txt,D20181950.txt;
D20181937.txt,D20181943.txt;zieliñsk 147, 
D20181943.txt,D20181947.txt;
D20181937.txt,D20181950.txt;
D20181937.txt,D20181943.txt;z³oty 148, 
D20181943.txt,D20181947.txt;
D20181937.txt,D20181950.txt;z³oty 148, 
D20181943.txt,D20181937.txt;
D20181937.txt,D20181943.txt;z³¹cze 149, 
D20181943.txt,D20181947.txt;
D20181937.txt,D20181950.txt;
D20181937.txt,D20181943.txt;dziennik 150, 
D20181943.txt,D20181947.txt;dziennik 150, 
D20181943.txt,D20181950.txt;dziennik 150, 
D20181943.txt,D20181937.txt;
D20181937.txt,D20181943.txt;rok 151, 
D20181943.txt,D20181947.txt;rok 151, 
D20181943.txt,D20181950.txt;rok 151, 
D20181943.txt,D20181937.txt;
D20181937.txt,D20181943.txt;alarmowy 152, 
D20181943.txt,D20181947.txt;alarmowy 152, 
D20181943.txt,D20181950.txt;
D20181937.txt,D20181943.txt;alba 153, 
D20181943.txt,D20181947.txt;alba 153, 
D20181943.txt,D20181950.txt;
D20181937.txt,D20181943.txt;czas 154, 
D20181943.txt,D20181947.txt;czas 154, 
D20181943.txt,D20181950.txt;
D20181937.txt,D20181943.txt;dziaæ 155, 
D20181943.txt,D20181947.txt;
D20181937.txt,D20181950.txt;dziaæ 155, 
D20181943.txt,D20181937.txt;
D20181937.txt,D20181943.txt;element 156, 
D20181943.txt,D20181947.txt;element 156, 
D20181943.txt,D20181950.txt;
D20181937.txt,D20181943.txt;kierowaæ 157, 
D20181943.txt,D20181947.txt;kierowaæ 157, 
D20181943.txt,D20181950.txt;
D20181937.txt,D20181943.txt;kwadrat 158, 
D20181943.txt,D20181947.txt;kwadrat 158, 
D20181943.txt,D20181950.txt;
D20181937.txt,D20181943.txt;miast 159, 
D20181943.txt,D20181947.txt;miast 159, 
D20181943.txt,D20181950.txt;
D20181937.txt,D20181943.txt;odstêp 160, 
D20181943.txt,D20181947.txt;odstêp 160, 
D20181943.txt,D20181950.txt;
D20181937.txt,D20181943.txt;prezes 161, 
D20181943.txt,D20181947.txt;
D20181937.txt,D20181950.txt;prezes 161, 
D20181943.txt,D20181937.txt;
D20181937.txt,D20181943.txt;przedstawiaæ 162, 
D20181943.txt,D20181947.txt;przedstawiaæ 162, 
D20181943.txt,D20181950.txt;
D20181937.txt,D20181943.txt;rad 163, 
D20181943.txt,D20181947.txt;
D20181937.txt,D20181950.txt;rad 163, 
D20181943.txt,D20181937.txt;
D20181937.txt,D20181943.txt;rz¹dowy 164, 
D20181943.txt,D20181947.txt;
D20181937.txt,D20181950.txt;rz¹dowy 164, 
D20181943.txt,D20181937.txt;
D20181937.txt,D20181943.txt;siedziba 165, 
D20181943.txt,D20181947.txt;siedziba 165, 
D20181943.txt,D20181950.txt;
D20181937.txt,D20181943.txt;s³u¿ba 166, 
D20181943.txt,D20181947.txt;
D20181937.txt,D20181950.txt;s³u¿ba 166, 
D20181943.txt,D20181937.txt;
D20181937.txt,D20181943.txt;up³yw 167, 
D20181943.txt,D20181947.txt;up³yw 167, 
D20181943.txt,D20181950.txt;
D20181937.txt,D20181943.txt;wymiar 168, 
D20181943.txt,D20181947.txt;wymiar 168, 
D20181943.txt,D20181950.txt;
D20181937.txt,D20181943.txt;zarz¹dzaæ 169, 
D20181943.txt,D20181947.txt;
D20181937.txt,D20181950.txt;zarz¹dzaæ 169, 
D20181943.txt,D20181937.txt;
D20181937.txt,D20181943.txt;zastêpstwie 170, 
D20181943.txt,D20181947.txt;zastêpstwie 170, 
D20181943.txt,D20181950.txt;
D20181937.txt,D20181943.txt;ziemia 171, 
D20181943.txt,D20181947.txt;ziemia 171, 
D20181943.txt,D20181950.txt;
D20181937.txt,D20181943.txt;œrodek 172, 
D20181943.txt,D20181947.txt;œrodek 172, 
D20181943.txt,D20181950.txt;
D20181937.txt,D20181943.txt;nastêpowaæ 173, 
D20181943.txt,D20181947.txt;nastêpowaæ 173, 
D20181943.txt,D20181950.txt;nastêpowaæ 173, 
D20181943.txt,D20181937.txt;
D20181937.txt,D20181943.txt;polski 174, 
D20181943.txt,D20181947.txt;polski 174, 
D20181943.txt,D20181950.txt;
D20181937.txt,D20181943.txt;rzeczpospolita 175, 
D20181943.txt,D20181947.txt;rzeczpospolita 175, 
D20181943.txt,D20181950.txt;
D20181937.txt,D20181943.txt;wrzesieñ 176, 
D20181943.txt,D20181947.txt;wrzesieñ 176, 
D20181943.txt,D20181950.txt;
D20181937.txt,D20181943.txt;og³osiæ 177, 
D20181943.txt,D20181947.txt;og³osiæ 177, 
D20181943.txt,D20181950.txt;og³osiæ 177, 
D20181943.txt,D20181937.txt;
D20181937.txt,D20181943.txt;punkt 178, 
D20181943.txt,D20181947.txt;punkt 178, 
D20181943.txt,D20181950.txt;
D20181937.txt,D20181943.txt;szczegó³owy 179, 
D20181943.txt,D20181947.txt;szczegó³owy 179, 
D20181943.txt,D20181950.txt;szczegó³owy 179, 
D20181943.txt,D20181937.txt;
D20181937.txt,D20181943.txt;w 180, 
D20181943.txt,D20181947.txt;w 180, 
D20181943.txt,D20181950.txt;
D20181937.txt,D20181943.txt;wchodziæ 181, 
D20181943.txt,D20181947.txt;wchodziæ 181, 
D20181943.txt,D20181950.txt;wchodziæ 181, 
D20181943.txt,D20181937.txt;
D20181947.txt,D20181943.txt;
D20181937.txt,D20181947.txt;morski 1, 
D20181943.txt,D20181950.txt;
D20181937.txt,D20181943.txt;
D20181937.txt,D20181947.txt;hydrograficzny 2, 
D20181943.txt,D20181950.txt;
D20181937.txt,D20181943.txt;
D20181937.txt,D20181947.txt;szkolenie 3, 
D20181943.txt,D20181950.txt;
D20181937.txt,D20181943.txt;
D20181937.txt,D20181947.txt;hydrograf 4, 
D20181943.txt,D20181950.txt;
D20181937.txt,D20181943.txt;
D20181937.txt,D20181947.txt;system 5, 
D20181943.txt,D20181950.txt;
D20181937.txt,D20181943.txt;
D20181937.txt,D20181947.txt;kategoria 6, 
D20181943.txt,D20181950.txt;
D20181937.txt,D20181943.txt;
D20181937.txt,D20181947.txt;dyplom 7, 
D20181943.txt,D20181950.txt;
D20181937.txt,D20181943.txt;
D20181937.txt,D20181947.txt;dana 8, 
D20181943.txt,D20181950.txt;
D20181937.txt,D20181943.txt;
D20181937.txt,D20181947.txt;pomiar 9, 
D20181943.txt,D20181950.txt;
D20181937.txt,D20181943.txt;
D20181937.txt,D20181947.txt;szef 10, 
D20181943.txt,D20181950.txt;
D20181937.txt,D20181943.txt;
D20181937.txt,D20181947.txt;instytucja 11, 
D20181943.txt,D20181950.txt;
D20181937.txt,D20181943.txt;
D20181937.txt,D20181947.txt;oœrodek 12, 
D20181943.txt,D20181950.txt;
D20181937.txt,D20181943.txt;
D20181937.txt,D20181947.txt;program 13, 
D20181943.txt,D20181950.txt;
D20181937.txt,D20181943.txt;
D20181937.txt,D20181947.txt;przedmiot 14, 
D20181943.txt,D20181950.txt;
D20181937.txt,D20181943.txt;
D20181937.txt,D20181947.txt;morze 15, 
D20181943.txt,D20181950.txt;
D20181937.txt,D20181943.txt;
D20181937.txt,D20181947.txt;praca 16, 
D20181943.txt,D20181950.txt;praca 16, 
D20181943.txt,D20181937.txt;
D20181937.txt,D20181943.txt;
D20181937.txt,D20181947.txt;uznanie 17, 
D20181943.txt,D20181950.txt;
D20181937.txt,D20181943.txt;
D20181937.txt,D20181947.txt;wykonywaæ 18, 
D20181943.txt,D20181950.txt;
D20181937.txt,D20181943.txt;
D20181937.txt,D20181947.txt;pomiarowy 19, 
D20181943.txt,D20181950.txt;
D20181937.txt,D20181943.txt;
D20181937.txt,D20181947.txt;praktyk 20, 
D20181943.txt,D20181950.txt;
D20181937.txt,D20181943.txt;
D20181937.txt,D20181947.txt;bezpieczeñstwo 21, 
D20181943.txt,D20181950.txt;
D20181937.txt,D20181943.txt;
D20181937.txt,D20181947.txt;organizacja 22, 
D20181943.txt,D20181950.txt;
D20181937.txt,D20181943.txt;
D20181937.txt,D20181947.txt;poziom 23, 
D20181943.txt,D20181950.txt;
D20181937.txt,D20181943.txt;
D20181937.txt,D20181947.txt;praktyczny 24, 
D20181943.txt,D20181950.txt;
D20181937.txt,D20181943.txt;
D20181937.txt,D20181947.txt;teoria 25, 
D20181943.txt,D20181950.txt;
D20181937.txt,D20181943.txt;
D20181937.txt,D20181947.txt;wniosek 26, 
D20181943.txt,D20181950.txt;
D20181937.txt,D20181943.txt;
D20181937.txt,D20181947.txt;bar 27, 
D20181943.txt,D20181950.txt;
D20181937.txt,D20181943.txt;
D20181937.txt,D20181947.txt;biuro 28, 
D20181943.txt,D20181950.txt;
D20181937.txt,D20181943.txt;
D20181937.txt,D20181947.txt;kamizelka 29, 
D20181943.txt,D20181950.txt;
D20181937.txt,D20181943.txt;
D20181937.txt,D20181947.txt;konferansjerka 30, 
D20181943.txt,D20181950.txt;
D20181937.txt,D20181943.txt;
D20181937.txt,D20181947.txt;marynarka 31, 
D20181943.txt,D20181950.txt;
D20181937.txt,D20181943.txt;
D20181937.txt,D20181947.txt;podpis 32, 
D20181943.txt,D20181950.txt;
D20181937.txt,D20181943.txt;
D20181937.txt,D20181947.txt;prowadzenie 33, 
D20181943.txt,D20181950.txt;
D20181937.txt,D20181943.txt;
D20181937.txt,D20181947.txt;ramowy 34, 
D20181943.txt,D20181950.txt;
D20181937.txt,D20181943.txt;
D20181937.txt,D20181947.txt;wojenny 35, 
D20181943.txt,D20181950.txt;
D20181937.txt,D20181943.txt;
D20181937.txt,D20181947.txt;dokument 36, 
D20181943.txt,D20181950.txt;
D20181937.txt,D20181943.txt;
D20181937.txt,D20181947.txt;godzina 37, 
D20181943.txt,D20181950.txt;
D20181937.txt,D20181943.txt;
D20181937.txt,D20181947.txt;klauzula 38, 
D20181943.txt,D20181950.txt;
D20181937.txt,D20181943.txt;
D20181937.txt,D20181947.txt;cybernetyczny 39, 
D20181943.txt,D20181950.txt;
D20181937.txt,D20181943.txt;
D20181937.txt,D20181947.txt;fala 40, 
D20181943.txt,D20181950.txt;
D20181937.txt,D20181943.txt;
D20181937.txt,D20181947.txt;geologia 41, 
D20181943.txt,D20181950.txt;
D20181937.txt,D20181943.txt;
D20181937.txt,D20181947.txt;imiê 42, 
D20181943.txt,D20181950.txt;
D20181937.txt,D20181943.txt;
D20181937.txt,D20181947.txt;miejsce 43, 
D20181943.txt,D20181950.txt;
D20181937.txt,D20181943.txt;
D20181937.txt,D20181947.txt;nawigacyjny 44, 
D20181943.txt,D20181950.txt;
D20181937.txt,D20181943.txt;
D20181937.txt,D20181947.txt;nazwisko 45, 
D20181943.txt,D20181950.txt;
D20181937.txt,D20181943.txt;
D20181937.txt,D20181947.txt;obserwacja 46, 
D20181943.txt,D20181950.txt;
D20181937.txt,D20181943.txt;
D20181937.txt,D20181947.txt;pozycjonowanie 47, 
D20181943.txt,D20181950.txt;
D20181937.txt,D20181943.txt;
D20181937.txt,D20181947.txt;publikacja 48, 
D20181943.txt,D20181950.txt;
D20181937.txt,D20181943.txt;
D20181937.txt,D20181947.txt;statystyk 49, 
D20181943.txt,D20181950.txt;
D20181937.txt,D20181943.txt;
D20181937.txt,D20181947.txt;szkoleniowy 50, 
D20181943.txt,D20181950.txt;
D20181937.txt,D20181943.txt;
D20181937.txt,D20181947.txt;teledetekcja 51, 
D20181943.txt,D20181950.txt;
D20181937.txt,D20181943.txt;
D20181937.txt,D20181947.txt;umiejêtnoœæ 52, 
D20181943.txt,D20181950.txt;
D20181937.txt,D20181943.txt;
D20181937.txt,D20181947.txt;wiedza 53, 
D20181943.txt,D20181950.txt;
D20181937.txt,D20181943.txt;
D20181937.txt,D20181947.txt;woda 54, 
D20181943.txt,D20181950.txt;
D20181937.txt,D20181943.txt;
D20181937.txt,D20181947.txt;zasada 55, 
D20181943.txt,D20181950.txt;
D20181937.txt,D20181943.txt;
D20181937.txt,D20181947.txt;zawieraæ 56, 
D20181943.txt,D20181950.txt;
D20181937.txt,D20181943.txt;
D20181937.txt,D20181947.txt;æwiczenia 57, 
D20181943.txt,D20181950.txt;
D20181937.txt,D20181943.txt;
D20181937.txt,D20181947.txt;akustyk 58, 
D20181943.txt,D20181950.txt;
D20181937.txt,D20181943.txt;
D20181937.txt,D20181947.txt;b³êdów 59, 
D20181943.txt,D20181950.txt;
D20181937.txt,D20181943.txt;
D20181937.txt,D20181947.txt;ciek 60, 
D20181943.txt,D20181950.txt;
D20181937.txt,D20181943.txt;czas 61, 
D20181943.txt,D20181947.txt;czas 61, 
D20181943.txt,D20181950.txt;
D20181937.txt,D20181943.txt;
D20181937.txt,D20181947.txt;dalej 62, 
D20181943.txt,D20181950.txt;
D20181937.txt,D20181943.txt;
D20181937.txt,D20181947.txt;gdynia 63, 
D20181943.txt,D20181950.txt;
D20181937.txt,D20181943.txt;
D20181937.txt,D20181947.txt;geofizyk 64, 
D20181943.txt,D20181950.txt;
D20181937.txt,D20181943.txt;
D20181937.txt,D20181947.txt;hydroakustyczny 65, 
D20181943.txt,D20181950.txt;
D20181937.txt,D20181943.txt;
D20181937.txt,D20181947.txt;kontrola 66, 
D20181943.txt,D20181950.txt;
D20181937.txt,D20181943.txt;
D20181937.txt,D20181947.txt;laboratorium 67, 
D20181943.txt,D20181950.txt;
D20181937.txt,D20181943.txt;
D20181937.txt,D20181947.txt;laserowy 68, 
D20181943.txt,D20181950.txt;
D20181937.txt,D20181943.txt;
D20181937.txt,D20181947.txt;mapa 69, 
D20181943.txt,D20181950.txt;
D20181937.txt,D20181943.txt;
D20181937.txt,D20181947.txt;meteorologia 70, 
D20181943.txt,D20181950.txt;
D20181937.txt,D20181943.txt;
D20181937.txt,D20181947.txt;modu³ 71, 
D20181943.txt,D20181950.txt;
D20181937.txt,D20181943.txt;
D20181937.txt,D20181947.txt;mp 72, 
D20181943.txt,D20181950.txt;
D20181937.txt,D20181943.txt;
D20181937.txt,D20181947.txt;nawigacja 73, 
D20181943.txt,D20181950.txt;
D20181937.txt,D20181943.txt;
D20181937.txt,D20181947.txt;odniesienie 74, 
D20181943.txt,D20181950.txt;
D20181937.txt,D20181943.txt;
D20181937.txt,D20181947.txt;ogólny 75, 
D20181943.txt,D20181950.txt;
D20181937.txt,D20181943.txt;
D20181937.txt,D20181947.txt;okres 76, 
D20181943.txt,D20181950.txt;
D20181937.txt,D20181943.txt;
D20181937.txt,D20181947.txt;oprogramowanie 77, 
D20181943.txt,D20181950.txt;
D20181937.txt,D20181943.txt;
D20181937.txt,D20181947.txt;posiadaæ 78, 
D20181943.txt,D20181950.txt;
D20181937.txt,D20181943.txt;
D20181937.txt,D20181947.txt;poszczególny 79, 
D20181943.txt,D20181950.txt;
D20181937.txt,D20181943.txt;
D20181937.txt,D20181947.txt;potwierdzaj¹cy 80, 
D20181943.txt,D20181950.txt;
D20181937.txt,D20181943.txt;
D20181937.txt,D20181947.txt;przyrz¹d 81, 
D20181943.txt,D20181950.txt;
D20181937.txt,D20181943.txt;
D20181937.txt,D20181947.txt;p³yw 82, 
D20181943.txt,D20181950.txt;
D20181937.txt,D20181943.txt;
D20181937.txt,D20181947.txt;rachunek 83, 
D20181943.txt,D20181950.txt;
D20181937.txt,D20181943.txt;
D20181937.txt,D20181947.txt;ró¿niczkowy 84, 
D20181943.txt,D20181950.txt;
D20181937.txt,D20181943.txt;
D20181937.txt,D20181947.txt;specjalistyczny 85, 
D20181943.txt,D20181950.txt;
D20181937.txt,D20181943.txt;
D20181937.txt,D20181947.txt;teoretyczny 86, 
D20181943.txt,D20181950.txt;
D20181937.txt,D20181943.txt;
D20181937.txt,D20181947.txt;trwanie 87, 
D20181943.txt,D20181950.txt;
D20181937.txt,D20181943.txt;
D20181937.txt,D20181947.txt;urz¹dzenie 88, 
D20181943.txt,D20181950.txt;
D20181937.txt,D20181943.txt;
D20181937.txt,D20181947.txt;uznawaæ 89, 
D20181943.txt,D20181950.txt;
D20181937.txt,D20181943.txt;
D20181937.txt,D20181947.txt;weryfikacja 90, 
D20181943.txt,D20181950.txt;
D20181937.txt,D20181943.txt;
D20181937.txt,D20181947.txt;wnioskodawca 91, 
D20181943.txt,D20181950.txt;
D20181937.txt,D20181943.txt;
D20181937.txt,D20181947.txt;wp³yw 92, 
D20181943.txt,D20181950.txt;
D20181937.txt,D20181943.txt;
D20181937.txt,D20181947.txt;wydanie 93, 
D20181943.txt,D20181950.txt;
D20181937.txt,D20181943.txt;
D20181937.txt,D20181947.txt;wydawaæ 94, 
D20181943.txt,D20181950.txt;
D20181937.txt,D20181943.txt;
D20181937.txt,D20181947.txt;wymaganie 95, 
D20181943.txt,D20181950.txt;
D20181937.txt,D20181943.txt;
D20181937.txt,D20181947.txt;wymagaæ 96, 
D20181943.txt,D20181950.txt;
D20181937.txt,D20181943.txt;
D20181937.txt,D20181947.txt;zajêcia 97, 
D20181943.txt,D20181950.txt;
D20181937.txt,D20181943.txt;
D20181937.txt,D20181947.txt;zwaæ 98, 
D20181943.txt,D20181950.txt;
D20181937.txt,D20181943.txt;
D20181937.txt,D20181947.txt;zwi¹zaæ 99, 
D20181943.txt,D20181950.txt;
D20181937.txt,D20181943.txt;
D20181937.txt,D20181947.txt;œrodowisko 100, 
D20181943.txt,D20181950.txt;
D20181937.txt,D20181943.txt;
D20181937.txt,D20181947.txt;œwiatowy 101, 
D20181943.txt,D20181950.txt;
D20181937.txt,D20181943.txt;
D20181937.txt,D20181947.txt;okreœlaæ 102, 
D20181943.txt,D20181950.txt;okreœlaæ 102, 
D20181943.txt,D20181937.txt;
D20181937.txt,D20181943.txt;
D20181937.txt,D20181947.txt;adres 103, 
D20181943.txt,D20181950.txt;
D20181937.txt,D20181943.txt;
D20181937.txt,D20181947.txt;akceptacja 104, 
D20181943.txt,D20181950.txt;
D20181937.txt,D20181943.txt;
D20181937.txt,D20181947.txt;algebra 105, 
D20181943.txt,D20181950.txt;
D20181937.txt,D20181943.txt;
D20181937.txt,D20181947.txt;arta 106, 
D20181943.txt,D20181950.txt;
D20181937.txt,D20181943.txt;
D20181937.txt,D20181947.txt;aspekt 107, 
D20181943.txt,D20181950.txt;
D20181937.txt,D20181943.txt;
D20181937.txt,D20181947.txt;baza 108, 
D20181943.txt,D20181950.txt;
D20181937.txt,D20181943.txt;
D20181937.txt,D20181947.txt;biurowy 109, 
D20181943.txt,D20181950.txt;
D20181937.txt,D20181943.txt;
D20181937.txt,D20181947.txt;cela 110, 
D20181943.txt,D20181950.txt;
D20181937.txt,D20181943.txt;
D20181937.txt,D20181947.txt;charakterystyka 111, 
D20181943.txt,D20181950.txt;
D20181937.txt,D20181943.txt;
D20181937.txt,D20181947.txt;cofniêcie 112, 
D20181943.txt,D20181950.txt;
D20181937.txt,D20181943.txt;
D20181937.txt,D20181947.txt;cofn¹æ 113, 
D20181943.txt,D20181950.txt;
D20181937.txt,D20181943.txt;
D20181937.txt,D20181947.txt;cumowaæ 114, 
D20181943.txt,D20181950.txt;
D20181937.txt,D20181943.txt;
D20181937.txt,D20181947.txt;dobra 115, 
D20181943.txt,D20181950.txt;
D20181937.txt,D20181943.txt;
D20181937.txt,D20181947.txt;dostatek 116, 
D20181943.txt,D20181950.txt;
D20181937.txt,D20181943.txt;
D20181937.txt,D20181947.txt;dydaktyczny 117, 
D20181943.txt,D20181950.txt;
D20181937.txt,D20181943.txt;
D20181937.txt,D20181947.txt;dzienia 118, 
D20181943.txt,D20181950.txt;
D20181937.txt,D20181943.txt;
D20181937.txt,D20181947.txt;epitet 119, 
D20181943.txt,D20181950.txt;
D20181937.txt,D20181943.txt;
D20181937.txt,D20181947.txt;fizyk 120, 
D20181943.txt,D20181950.txt;
D20181937.txt,D20181943.txt;
D20181937.txt,D20181947.txt;for 121, 
D20181943.txt,D20181950.txt;
D20181937.txt,D20181943.txt;
D20181937.txt,D20181947.txt;geodezja 122, 
D20181943.txt,D20181950.txt;
D20181937.txt,D20181943.txt;
D20181937.txt,D20181947.txt;grawimetria 123, 
D20181943.txt,D20181950.txt;
D20181937.txt,D20181943.txt;
D20181937.txt,D20181947.txt;holowaæ 124, 
D20181943.txt,D20181950.txt;
D20181937.txt,D20181943.txt;
D20181937.txt,D20181947.txt;hydroakustyk 125, 
D20181943.txt,D20181950.txt;
D20181937.txt,D20181943.txt;
D20181937.txt,D20181947.txt;inercjalny 126, 
D20181943.txt,D20181950.txt;
D20181937.txt,D20181943.txt;
D20181937.txt,D20181947.txt;internet 127, 
D20181943.txt,D20181950.txt;
D20181937.txt,D20181943.txt;
D20181937.txt,D20181947.txt;jednowi¹zkowy 128, 
D20181943.txt,D20181950.txt;
D20181937.txt,D20181943.txt;
D20181937.txt,D20181947.txt;kabel 129, 
D20181943.txt,D20181950.txt;
D20181937.txt,D20181943.txt;
D20181937.txt,D20181947.txt;kartografia 130, 
D20181943.txt,D20181950.txt;
D20181937.txt,D20181943.txt;
D20181937.txt,D20181947.txt;kartograficzny 131, 
D20181943.txt,D20181950.txt;
D20181937.txt,D20181943.txt;
D20181937.txt,D20181947.txt;kompas 132, 
D20181943.txt,D20181950.txt;
D20181937.txt,D20181943.txt;
D20181937.txt,D20181947.txt;komputerowy 133, 
D20181943.txt,D20181950.txt;
D20181937.txt,D20181943.txt;
D20181937.txt,D20181947.txt;kontrolowaæ 134, 
D20181943.txt,D20181950.txt;
D20181937.txt,D20181943.txt;
D20181937.txt,D20181947.txt;kotwiczyæ 135, 
D20181943.txt,D20181950.txt;
D20181937.txt,D20181943.txt;
D20181937.txt,D20181947.txt;kszta³cenie 136, 
D20181943.txt,D20181950.txt;
D20181937.txt,D20181943.txt;
D20181937.txt,D20181947.txt;liczba 137, 
D20181943.txt,D20181950.txt;
D20181937.txt,D20181943.txt;
D20181937.txt,D20181947.txt;likwidacja 138, 
D20181943.txt,D20181950.txt;
D20181937.txt,D20181943.txt;
D20181937.txt,D20181947.txt;lin 139, 
D20181943.txt,D20181950.txt;
D20181937.txt,D20181943.txt;
D20181937.txt,D20181947.txt;liniowy 140, 
D20181943.txt,D20181950.txt;
D20181937.txt,D20181943.txt;
D20181937.txt,D20181947.txt;lista 141, 
D20181943.txt,D20181950.txt;
D20181937.txt,D20181943.txt;
D20181937.txt,D20181947.txt;literowy 142, 
D20181943.txt,D20181950.txt;
D20181937.txt,D20181943.txt;
D20181937.txt,D20181947.txt;luba 143, 
D20181943.txt,D20181950.txt;
D20181937.txt,D20181943.txt;
D20181937.txt,D20181947.txt;marka 144, 
D20181943.txt,D20181950.txt;
D20181937.txt,D20181943.txt;
D20181937.txt,D20181947.txt;matematyk 145, 
D20181943.txt,D20181950.txt;
D20181937.txt,D20181943.txt;
D20181937.txt,D20181947.txt;ma³y 146, 
D20181943.txt,D20181950.txt;
D20181937.txt,D20181943.txt;
D20181937.txt,D20181947.txt;meteorologiczny 147, 
D20181943.txt,D20181950.txt;
D20181937.txt,D20181943.txt;
D20181937.txt,D20181947.txt;metoda 148, 
D20181943.txt,D20181950.txt;
D20181937.txt,D20181943.txt;
D20181937.txt,D20181947.txt;miêdzynarodowy 149, 
D20181943.txt,D20181950.txt;
D20181937.txt,D20181943.txt;
D20181937.txt,D20181947.txt;narodowy 150, 
D20181943.txt,D20181950.txt;
D20181937.txt,D20181943.txt;
D20181937.txt,D20181947.txt;nauka 151, 
D20181943.txt,D20181950.txt;
D20181937.txt,D20181943.txt;
D20181937.txt,D20181947.txt;nautyczny 152, 
D20181943.txt,D20181950.txt;
D20181937.txt,D20181943.txt;
D20181937.txt,D20181947.txt;nautyka 153, 
D20181943.txt,D20181950.txt;
D20181937.txt,D20181943.txt;
D20181937.txt,D20181947.txt;obrona 154, 
D20181943.txt,D20181950.txt;
D20181937.txt,D20181943.txt;
D20181937.txt,D20181947.txt;obszar 155, 
D20181943.txt,D20181950.txt;
D20181937.txt,D20181943.txt;
D20181937.txt,D20181947.txt;oceanografia 156, 
D20181943.txt,D20181950.txt;
D20181937.txt,D20181943.txt;
D20181937.txt,D20181947.txt;odbyt 157, 
D20181943.txt,D20181950.txt;
D20181937.txt,D20181943.txt;
D20181937.txt,D20181947.txt;odbywaæ 158, 
D20181943.txt,D20181950.txt;
D20181937.txt,D20181943.txt;
D20181937.txt,D20181947.txt;odmowa 159, 
D20181943.txt,D20181950.txt;
D20181937.txt,D20181943.txt;
D20181937.txt,D20181947.txt;odpowiedni 160, 
D20181943.txt,D20181950.txt;
D20181937.txt,D20181943.txt;
D20181937.txt,D20181947.txt;okaziciel 161, 
D20181943.txt,D20181950.txt;
D20181937.txt,D20181943.txt;
D20181937.txt,D20181947.txt;opracowywaæ 162, 
D20181943.txt,D20181950.txt;
D20181937.txt,D20181943.txt;
D20181937.txt,D20181947.txt;opuszczaæ 163, 
D20181943.txt,D20181950.txt;
D20181937.txt,D20181943.txt;
D20181937.txt,D20181947.txt;oznaczenie 164, 
D20181943.txt,D20181950.txt;
D20181937.txt,D20181943.txt;
D20181937.txt,D20181947.txt;oznakowanie 165, 
D20181943.txt,D20181950.txt;
D20181937.txt,D20181943.txt;
D20181937.txt,D20181947.txt;pisemny 166, 
D20181943.txt,D20181950.txt;
D20181937.txt,D20181943.txt;
D20181937.txt,D20181947.txt;planowanie 167, 
D20181943.txt,D20181950.txt;planowanie 167, 
D20181943.txt,D20181937.txt;
D20181937.txt,D20181943.txt;
D20181937.txt,D20181947.txt;podanie 168, 
D20181943.txt,D20181950.txt;
D20181937.txt,D20181943.txt;
D20181937.txt,D20181947.txt;pogoda 169, 
D20181943.txt,D20181950.txt;
D20181937.txt,D20181943.txt;
D20181937.txt,D20181947.txt;ponowny 170, 
D20181943.txt,D20181950.txt;
D20181937.txt,D20181943.txt;
D20181937.txt,D20181947.txt;posiadacz 171, 
D20181943.txt,D20181950.txt;
D20181937.txt,D20181943.txt;
D20181937.txt,D20181947.txt;posiadanie 172, 
D20181943.txt,D20181950.txt;
D20181937.txt,D20181943.txt;
D20181937.txt,D20181947.txt;pozwalaæ 173, 
D20181943.txt,D20181950.txt;
D20181937.txt,D20181943.txt;
D20181937.txt,D20181947.txt;pozyskiwaæ 174, 
D20181943.txt,D20181950.txt;
D20181937.txt,D20181943.txt;
D20181937.txt,D20181947.txt;prawny 175, 
D20181943.txt,D20181950.txt;
D20181937.txt,D20181943.txt;
D20181937.txt,D20181947.txt;prezentacja 176, 
D20181943.txt,D20181950.txt;
D20181937.txt,D20181943.txt;
D20181937.txt,D20181947.txt;procedura 177, 
D20181943.txt,D20181950.txt;
D20181937.txt,D20181943.txt;
D20181937.txt,D20181947.txt;produkt 178, 
D20181943.txt,D20181950.txt;
D20181937.txt,D20181943.txt;
D20181937.txt,D20181947.txt;prognozowaæ 179, 
D20181943.txt,D20181950.txt;
D20181937.txt,D20181943.txt;
D20181937.txt,D20181947.txt;programowaæ 180, 
D20181943.txt,D20181950.txt;
D20181937.txt,D20181943.txt;
D20181937.txt,D20181947.txt;prowadziæ 181, 
D20181943.txt,D20181950.txt;
D20181937.txt,D20181943.txt;
D20181937.txt,D20181947.txt;przestrzenny 182, 
D20181943.txt,D20181950.txt;przestrzenny 182, 
D20181943.txt,D20181937.txt;
D20181937.txt,D20181943.txt;
D20181937.txt,D20181947.txt;przewidzieæ 183, 
D20181943.txt,D20181950.txt;
D20181937.txt,D20181943.txt;
D20181937.txt,D20181947.txt;przyjmowaæ 184, 
D20181943.txt,D20181950.txt;
D20181937.txt,D20181943.txt;
D20181937.txt,D20181947.txt;przyj¹æ 185, 
D20181943.txt,D20181950.txt;
D20181937.txt,D20181943.txt;
D20181937.txt,D20181947.txt;pr¹d 186, 
D20181943.txt,D20181950.txt;
D20181937.txt,D20181943.txt;
D20181937.txt,D20181947.txt;rzeczywisty 187, 
D20181943.txt,D20181950.txt;
D20181937.txt,D20181943.txt;
D20181937.txt,D20181947.txt;samodzielny 188, 
D20181943.txt,D20181950.txt;
D20181937.txt,D20181943.txt;
D20181937.txt,D20181947.txt;sieciowy 189, 
D20181943.txt,D20181950.txt;
D20181937.txt,D20181943.txt;
D20181937.txt,D20181947.txt;stosownie 190, 
D20181943.txt,D20181950.txt;
D20181937.txt,D20181943.txt;
D20181937.txt,D20181947.txt;technik 191, 
D20181943.txt,D20181950.txt;
D20181937.txt,D20181943.txt;
D20181937.txt,D20181947.txt;termin 192, 
D20181943.txt,D20181950.txt;
D20181937.txt,D20181943.txt;
D20181937.txt,D20181947.txt;trygonometria 193, 
D20181943.txt,D20181950.txt;
D20181937.txt,D20181943.txt;
D20181937.txt,D20181947.txt;ubiegaæ 194, 
D20181943.txt,D20181950.txt;
D20181937.txt,D20181943.txt;
D20181937.txt,D20181947.txt;wiatr 195, 
D20181943.txt,D20181950.txt;
D20181937.txt,D20181943.txt;
D20181937.txt,D20181947.txt;wp³ywaæ 196, 
D20181943.txt,D20181950.txt;
D20181937.txt,D20181943.txt;
D20181937.txt,D20181947.txt;wraz 197, 
D20181943.txt,D20181950.txt;
D20181937.txt,D20181943.txt;
D20181937.txt,D20181947.txt;wychowanie 198, 
D20181943.txt,D20181950.txt;
D20181937.txt,D20181943.txt;
D20181937.txt,D20181947.txt;wykaz 199, 
D20181943.txt,D20181950.txt;
D20181937.txt,D20181943.txt;
D20181937.txt,D20181947.txt;wyk³ad 200, 
D20181943.txt,D20181950.txt;
D20181937.txt,D20181943.txt;
D20181937.txt,D20181947.txt;wynik 201, 
D20181943.txt,D20181950.txt;
D20181937.txt,D20181943.txt;
D20181937.txt,D20181947.txt;wyposa¿enie 202, 
D20181943.txt,D20181950.txt;
D20181937.txt,D20181943.txt;wzór 203, 
D20181943.txt,D20181947.txt;wzór 203, 
D20181943.txt,D20181950.txt;
D20181937.txt,D20181943.txt;
D20181937.txt,D20181947.txt;zarz¹dzanie 204, 
D20181943.txt,D20181950.txt;
D20181937.txt,D20181943.txt;
D20181937.txt,D20181947.txt;zdj¹æ 205, 
D20181943.txt,D20181950.txt;
D20181937.txt,D20181943.txt;
D20181937.txt,D20181947.txt;z³o¿ony 206, 
D20181943.txt,D20181950.txt;
D20181937.txt,D20181943.txt;
D20181937.txt,D20181947.txt;³¹cznoœæ 207, 
D20181943.txt,D20181950.txt;
D20181937.txt,D20181943.txt;œrodek 208, 
D20181943.txt,D20181947.txt;œrodek 208, 
D20181943.txt,D20181950.txt;
D20181937.txt,D20181943.txt;dziennik 209, 
D20181943.txt,D20181947.txt;dziennik 209, 
D20181943.txt,D20181950.txt;dziennik 209, 
D20181943.txt,D20181937.txt;
D20181937.txt,D20181943.txt;za³¹cznik 210, 
D20181943.txt,D20181947.txt;za³¹cznik 210, 
D20181943.txt,D20181950.txt;za³¹cznik 210, 
D20181943.txt,D20181937.txt;
D20181937.txt,D20181943.txt;
D20181937.txt,D20181947.txt;mowa 211, 
D20181943.txt,D20181950.txt;mowa 211, 
D20181943.txt,D20181937.txt;mowa 211, 
D20181943.txt,D20181947.txt;doœwiadczenie 212, 
D20181943.txt,D20181950.txt;
D20181937.txt,D20181943.txt;egzystencja 213, 
D20181943.txt,D20181947.txt;egzystencja 213, 
D20181943.txt,D20181950.txt;
D20181937.txt,D20181943.txt;element 214, 
D20181943.txt,D20181947.txt;element 214, 
D20181943.txt,D20181950.txt;
D20181937.txt,D20181943.txt;
D20181937.txt,D20181947.txt;informacja 215, 
D20181943.txt,D20181950.txt;informacja 215, 
D20181943.txt,D20181937.txt;
D20181937.txt,D20181943.txt;okreœliæ 216, 
D20181943.txt,D20181947.txt;okreœliæ 216, 
D20181943.txt,D20181950.txt;okreœliæ 216, 
D20181943.txt,D20181937.txt;
D20181937.txt,D20181943.txt;rozporz¹dzenie 217, 
D20181943.txt,D20181947.txt;rozporz¹dzenie 217, 
D20181943.txt,D20181950.txt;rozporz¹dzenie 217, 
D20181943.txt,D20181937.txt;
D20181937.txt,D20181943.txt;
D20181937.txt,D20181947.txt;absolwent 218, 
D20181943.txt,D20181950.txt;
D20181937.txt,D20181943.txt;alarmowy 219, 
D20181943.txt,D20181947.txt;alarmowy 219, 
D20181943.txt,D20181950.txt;
D20181937.txt,D20181943.txt;
D20181937.txt,D20181947.txt;analiza 220, 
D20181943.txt,D20181950.txt;
D20181937.txt,D20181943.txt;
D20181937.txt,D20181947.txt;audiowizualny 221, 
D20181943.txt,D20181950.txt;
D20181937.txt,D20181943.txt;
D20181937.txt,D20181947.txt;autoryzowaæ 222, 
D20181943.txt,D20181950.txt;
D20181937.txt,D20181943.txt;
D20181937.txt,D20181947.txt;batymetryczny 223, 
D20181943.txt,D20181950.txt;
D20181937.txt,D20181943.txt;
D20181937.txt,D20181947.txt;bez 224, 
D20181943.txt,D20181950.txt;
D20181937.txt,D20181943.txt;
D20181937.txt,D20181947.txt;bie¿nia 225, 
D20181943.txt,D20181950.txt;
D20181937.txt,D20181943.txt;
D20181937.txt,D20181947.txt;biura 226, 
D20181943.txt,D20181950.txt;
D20181937.txt,D20181943.txt;
D20181937.txt,D20181947.txt;boczny 227, 
D20181943.txt,D20181950.txt;
D20181937.txt,D20181943.txt;
D20181937.txt,D20181947.txt;brak 228, 
D20181943.txt,D20181950.txt;
D20181937.txt,D20181943.txt;
D20181937.txt,D20181947.txt;budowla 229, 
D20181943.txt,D20181950.txt;
D20181937.txt,D20181943.txt;
D20181937.txt,D20181947.txt;burta 230, 
D20181943.txt,D20181950.txt;
D20181937.txt,D20181943.txt;
D20181937.txt,D20181947.txt;category 231, 
D20181943.txt,D20181950.txt;
D20181937.txt,D20181943.txt;
D20181937.txt,D20181947.txt;ca³kowity 232, 
D20181943.txt,D20181950.txt;
D20181937.txt,D20181943.txt;
D20181937.txt,D20181947.txt;charakteryzowaæ 233, 
D20181943.txt,D20181950.txt;
D20181937.txt,D20181943.txt;
D20181937.txt,D20181947.txt;competence 234, 
D20181943.txt,D20181950.txt;
D20181937.txt,D20181943.txt;
D20181937.txt,D20181947.txt;cyrkulacja 235, 
D20181943.txt,D20181950.txt;
D20181937.txt,D20181943.txt;
D20181937.txt,D20181947.txt;dany 236, 
D20181943.txt,D20181950.txt;
D20181937.txt,D20181943.txt;
D20181937.txt,D20181947.txt;denny 237, 
D20181943.txt,D20181950.txt;
D20181937.txt,D20181943.txt;
D20181937.txt,D20181947.txt;dna 238, 
D20181943.txt,D20181950.txt;
D20181937.txt,D20181943.txt;
D20181937.txt,D20181947.txt;dnia 239, 
D20181943.txt,D20181950.txt;
D20181937.txt,D20181943.txt;
D20181937.txt,D20181947.txt;dodatkowy 240, 
D20181943.txt,D20181950.txt;
D20181937.txt,D20181943.txt;
D20181937.txt,D20181947.txt;dokonywaæ 241, 
D20181943.txt,D20181950.txt;
D20181937.txt,D20181943.txt;
D20181937.txt,D20181947.txt;dokumentacja 242, 
D20181943.txt,D20181950.txt;
D20181937.txt,D20181943.txt;
D20181937.txt,D20181947.txt;dorobek 243, 
D20181943.txt,D20181950.txt;
D20181937.txt,D20181943.txt;
D20181937.txt,D20181947.txt;dowód 244, 
D20181943.txt,D20181950.txt;
D20181937.txt,D20181943.txt;
D20181937.txt,D20181947.txt;do³¹czaæ 245, 
D20181943.txt,D20181950.txt;
D20181937.txt,D20181943.txt;
D20181937.txt,D20181947.txt;dyplomu 246, 
D20181943.txt,D20181950.txt;
D20181937.txt,D20181943.txt;
D20181937.txt,D20181947.txt;dzia³alnoœæ 247, 
D20181943.txt,D20181950.txt;
D20181937.txt,D20181943.txt;
D20181937.txt,D20181947.txt;echosonda 248, 
D20181943.txt,D20181950.txt;
D20181937.txt,D20181943.txt;
D20181937.txt,D20181947.txt;efekt 249, 
D20181943.txt,D20181950.txt;
D20181937.txt,D20181943.txt;
D20181937.txt,D20181947.txt;egzamin 250, 
D20181943.txt,D20181950.txt;
D20181937.txt,D20181943.txt;
D20181937.txt,D20181947.txt;egzaminowaæ 251, 
D20181943.txt,D20181950.txt;
D20181937.txt,D20181943.txt;
D20181937.txt,D20181947.txt;elektromagnetyczny 252, 
D20181943.txt,D20181950.txt;
D20181937.txt,D20181943.txt;
D20181937.txt,D20181947.txt;elektroniczny 253, 
D20181943.txt,D20181950.txt;
D20181937.txt,D20181943.txt;
D20181937.txt,D20181947.txt;elipsoidalny 254, 
D20181943.txt,D20181950.txt;
D20181937.txt,D20181943.txt;
D20181937.txt,D20181947.txt;estymowaæ 255, 
D20181943.txt,D20181950.txt;
D20181937.txt,D20181943.txt;
D20181937.txt,D20181947.txt;fakt 256, 
D20181943.txt,D20181950.txt;
D20181937.txt,D20181943.txt;
D20181937.txt,D20181947.txt;filtrowaæ 257, 
D20181943.txt,D20181950.txt;
D20181937.txt,D20181943.txt;
D20181937.txt,D20181947.txt;fizyczny 258, 
D20181943.txt,D20181950.txt;
D20181937.txt,D20181943.txt;
D20181937.txt,D20181947.txt;forma 259, 
D20181943.txt,D20181950.txt;
D20181937.txt,D20181943.txt;
D20181937.txt,D20181947.txt;formalny 260, 
D20181943.txt,D20181950.txt;
D20181937.txt,D20181943.txt;
D20181937.txt,D20181947.txt;fotograf 261, 
D20181943.txt,D20181950.txt;
D20181937.txt,D20181943.txt;
D20181937.txt,D20181947.txt;geodezyjny 262, 
D20181943.txt,D20181950.txt;
D20181937.txt,D20181943.txt;
D20181937.txt,D20181947.txt;geografia 263, 
D20181943.txt,D20181950.txt;
D20181937.txt,D20181943.txt;
D20181937.txt,D20181947.txt;geometria 264, 
D20181943.txt,D20181950.txt;
D20181937.txt,D20181943.txt;
D20181937.txt,D20181947.txt;geometryczny 265, 
D20181943.txt,D20181950.txt;
D20181937.txt,D20181943.txt;
D20181937.txt,D20181947.txt;gotowe 266, 
D20181943.txt,D20181950.txt;
D20181937.txt,D20181943.txt;
D20181937.txt,D20181947.txt;grupa 267, 
D20181943.txt,D20181950.txt;grupa 267, 
D20181943.txt,D20181937.txt;
D20181937.txt,D20181943.txt;
D20181937.txt,D20181947.txt;hydrografia 268, 
D20181943.txt,D20181950.txt;
D20181937.txt,D20181943.txt;
D20181937.txt,D20181947.txt;hydrograficznego 269, 
D20181943.txt,D20181950.txt;
D20181937.txt,D20181943.txt;
D20181937.txt,D20181947.txt;hydrographic 270, 
D20181943.txt,D20181950.txt;
D20181937.txt,D20181943.txt;
D20181937.txt,D20181947.txt;hydrotechniczny 271, 
D20181943.txt,D20181950.txt;
D20181937.txt,D20181943.txt;
D20181937.txt,D20181947.txt;iho 272, 
D20181943.txt,D20181950.txt;
D20181937.txt,D20181943.txt;
D20181937.txt,D20181947.txt;informatyczny 273, 
D20181943.txt,D20181950.txt;
D20181937.txt,D20181943.txt;
D20181937.txt,D20181947.txt;informatyk 274, 
D20181943.txt,D20181950.txt;
D20181937.txt,D20181943.txt;
D20181937.txt,D20181947.txt;informowaæ 275, 
D20181943.txt,D20181950.txt;
D20181937.txt,D20181943.txt;
D20181937.txt,D20181947.txt;instruktor 276, 
D20181943.txt,D20181950.txt;
D20181937.txt,D20181943.txt;
D20181937.txt,D20181947.txt;integracja 277, 
D20181943.txt,D20181950.txt;
D20181937.txt,D20181943.txt;
D20181937.txt,D20181947.txt;interpolacja 278, 
D20181943.txt,D20181950.txt;
D20181937.txt,D20181943.txt;
D20181937.txt,D20181947.txt;jakoœæ 279, 
D20181943.txt,D20181950.txt;
D20181937.txt,D20181943.txt;
D20181937.txt,D20181947.txt;kadr 280, 
D20181943.txt,D20181950.txt;
D20181937.txt,D20181943.txt;
D20181937.txt,D20181947.txt;kalkulacja 281, 
D20181943.txt,D20181950.txt;
D20181937.txt,D20181943.txt;
D20181937.txt,D20181947.txt;kart 282, 
D20181943.txt,D20181950.txt;
D20181937.txt,D20181943.txt;kierowaæ 283, 
D20181943.txt,D20181947.txt;kierowaæ 283, 
D20181943.txt,D20181950.txt;
D20181937.txt,D20181943.txt;
D20181937.txt,D20181947.txt;kinematyka 284, 
D20181943.txt,D20181950.txt;
D20181937.txt,D20181943.txt;
D20181937.txt,D20181947.txt;klasyfikacja 285, 
D20181943.txt,D20181950.txt;
D20181937.txt,D20181943.txt;
D20181937.txt,D20181947.txt;kompleksowy 286, 
D20181943.txt,D20181950.txt;
D20181937.txt,D20181943.txt;
D20181937.txt,D20181947.txt;komunikacja 287, 
D20181943.txt,D20181950.txt;
D20181937.txt,D20181943.txt;
D20181937.txt,D20181947.txt;komunikacyjny 288, 
D20181943.txt,D20181950.txt;
D20181937.txt,D20181943.txt;
D20181937.txt,D20181947.txt;konferencja 289, 
D20181943.txt,D20181950.txt;
D20181937.txt,D20181943.txt;
D20181937.txt,D20181947.txt;konwencjonalny 290, 
D20181943.txt,D20181950.txt;
D20181937.txt,D20181943.txt;
D20181937.txt,D20181947.txt;koordynata 291, 
D20181943.txt,D20181950.txt;
D20181937.txt,D20181943.txt;
D20181937.txt,D20181947.txt;korespondencja 292, 
D20181943.txt,D20181950.txt;
D20181937.txt,D20181943.txt;kwadrat 293, 
D20181943.txt,D20181947.txt;kwadrat 293, 
D20181943.txt,D20181950.txt;
D20181937.txt,D20181943.txt;
D20181937.txt,D20181947.txt;kwalifikacja 294, 
D20181943.txt,D20181950.txt;
D20181937.txt,D20181943.txt;
D20181937.txt,D20181947.txt;kwalifikacyjny 295, 
D20181943.txt,D20181950.txt;
D20181937.txt,D20181943.txt;
D20181937.txt,D20181947.txt;laser 296, 
D20181943.txt,D20181950.txt;
D20181937.txt,D20181943.txt;
D20181937.txt,D20181947.txt;liczyæ 297, 
D20181943.txt,D20181950.txt;
D20181937.txt,D20181943.txt;
D20181937.txt,D20181947.txt;literatura 298, 
D20181943.txt,D20181950.txt;
D20181937.txt,D20181943.txt;
D20181937.txt,D20181947.txt;ludzki 299, 
D20181943.txt,D20181950.txt;
D20181937.txt,D20181943.txt;
D20181937.txt,D20181947.txt;l¹dowy 300, 
D20181943.txt,D20181950.txt;
D20181937.txt,D20181943.txt;
D20181937.txt,D20181947.txt;magnetyzm 301, 
D20181943.txt,D20181950.txt;
D20181937.txt,D20181943.txt;
D20181937.txt,D20181947.txt;manipulacja 302, 
D20181943.txt,D20181950.txt;
D20181937.txt,D20181943.txt;
D20181937.txt,D20181947.txt;marynarki 303, 
D20181943.txt,D20181950.txt;
D20181937.txt,D20181943.txt;
D20181937.txt,D20181947.txt;masa 304, 
D20181943.txt,D20181950.txt;
D20181937.txt,D20181943.txt;
D20181937.txt,D20181947.txt;mechanik 305, 
D20181943.txt,D20181950.txt;
D20181937.txt,D20181943.txt;
D20181937.txt,D20181947.txt;metody 306, 
D20181943.txt,D20181950.txt;
D20181937.txt,D20181943.txt;
D20181937.txt,D20181947.txt;minimalny 307, 
D20181943.txt,D20181950.txt;
D20181937.txt,D20181943.txt;
D20181937.txt,D20181947.txt;model 308, 
D20181943.txt,D20181950.txt;
D20181937.txt,D20181943.txt;
D20181937.txt,D20181947.txt;modelowaæ 309, 
D20181943.txt,D20181950.txt;
D20181937.txt,D20181943.txt;
D20181937.txt,D20181947.txt;nadzorowaæ 310, 
D20181943.txt,D20181950.txt;
D20181937.txt,D20181943.txt;
D20181937.txt,D20181947.txt;nadzór 311, 
D20181943.txt,D20181950.txt;
D20181937.txt,D20181943.txt;
D20181937.txt,D20181947.txt;naprawiacz 312, 
D20181943.txt,D20181950.txt;
D20181937.txt,D20181943.txt;
D20181937.txt,D20181947.txt;nast¹piæ 313, 
D20181943.txt,D20181950.txt;
D20181937.txt,D20181943.txt;
D20181937.txt,D20181947.txt;naukowy 314, 
D20181943.txt,D20181950.txt;
D20181937.txt,D20181943.txt;
D20181937.txt,D20181947.txt;negatywny 315, 
D20181943.txt,D20181950.txt;
D20181937.txt,D20181943.txt;
D20181937.txt,D20181947.txt;negocjacje 316, 
D20181943.txt,D20181950.txt;
D20181937.txt,D20181943.txt;
D20181937.txt,D20181947.txt;niepewnoœæ 317, 
D20181943.txt,D20181950.txt;
D20181937.txt,D20181943.txt;
D20181937.txt,D20181947.txt;niezbêdny 318, 
D20181943.txt,D20181950.txt;
D20181937.txt,D20181943.txt;niniejszy 319, 
D20181943.txt,D20181947.txt;niniejszy 319, 
D20181943.txt,D20181950.txt;
D20181937.txt,D20181943.txt;
D20181937.txt,D20181947.txt;niwelacja 320, 
D20181943.txt,D20181950.txt;
D20181937.txt,D20181943.txt;
D20181937.txt,D20181947.txt;obejmowaæ 321, 
D20181943.txt,D20181950.txt;
D20181937.txt,D20181943.txt;
D20181937.txt,D20181947.txt;obliczenie 322, 
D20181943.txt,D20181950.txt;
D20181937.txt,D20181943.txt;
D20181937.txt,D20181947.txt;obs³uga 323, 
D20181943.txt,D20181950.txt;
D20181937.txt,D20181943.txt;
D20181937.txt,D20181947.txt;oceniaæ 324, 
D20181943.txt,D20181950.txt;
D20181937.txt,D20181943.txt;
D20181937.txt,D20181947.txt;ochrona 325, 
D20181943.txt,D20181950.txt;
D20181937.txt,D20181943.txt;
D20181937.txt,D20181947.txt;oczekiwany 326, 
D20181943.txt,D20181950.txt;
D20181937.txt,D20181943.txt;
D20181937.txt,D20181947.txt;odbiór 327, 
D20181943.txt,D20181950.txt;
D20181937.txt,D20181943.txt;
D20181937.txt,D20181947.txt;odbyæ 328, 
D20181943.txt,D20181950.txt;
D20181937.txt,D20181943.txt;
D20181937.txt,D20181947.txt;odwzorowaæ 329, 
D20181943.txt,D20181950.txt;
D20181937.txt,D20181943.txt;
D20181937.txt,D20181947.txt;of 330, 
D20181943.txt,D20181950.txt;
D20181937.txt,D20181943.txt;
D20181937.txt,D20181947.txt;oferowaæ 331, 
D20181943.txt,D20181950.txt;
D20181937.txt,D20181943.txt;
D20181937.txt,D20181947.txt;ograniczenie 332, 
D20181943.txt,D20181950.txt;
D20181937.txt,D20181943.txt;
D20181937.txt,D20181947.txt;okreœlonych 333, 
D20181943.txt,D20181950.txt;
D20181937.txt,D20181943.txt;
D20181937.txt,D20181947.txt;opracowanie 334, 
D20181943.txt,D20181950.txt;
D20181937.txt,D20181943.txt;
D20181937.txt,D20181947.txt;optyk 335, 
D20181943.txt,D20181950.txt;
D20181937.txt,D20181943.txt;
D20181937.txt,D20181947.txt;osada 336, 
D20181943.txt,D20181950.txt;
D20181937.txt,D20181943.txt;
D20181937.txt,D20181947.txt;osi¹gn¹æ 337, 
D20181943.txt,D20181950.txt;
D20181937.txt,D20181943.txt;
D20181937.txt,D20181947.txt;osobisty 338, 
D20181943.txt,D20181950.txt;
D20181937.txt,D20181943.txt;
D20181937.txt,D20181947.txt;pakiet 339, 
D20181943.txt,D20181950.txt;
D20181937.txt,D20181943.txt;
D20181937.txt,D20181947.txt;paszport 340, 
D20181943.txt,D20181950.txt;
D20181937.txt,D20181943.txt;
D20181937.txt,D20181947.txt;pesel 341, 
D20181943.txt,D20181950.txt;
D20181937.txt,D20181943.txt;
D20181937.txt,D20181947.txt;pionowy 342, 
D20181943.txt,D20181950.txt;
D20181937.txt,D20181943.txt;
D20181937.txt,D20181947.txt;planowaæ 343, 
D20181943.txt,D20181950.txt;planowaæ 343, 
D20181943.txt,D20181937.txt;
D20181937.txt,D20181943.txt;
D20181937.txt,D20181947.txt;poczta 344, 
D20181943.txt,D20181950.txt;
D20181937.txt,D20181943.txt;
D20181937.txt,D20181947.txt;podaæ 345, 
D20181943.txt,D20181950.txt;
D20181937.txt,D20181943.txt;
D20181937.txt,D20181947.txt;podmiot 346, 
D20181943.txt,D20181950.txt;
D20181937.txt,D20181943.txt;
D20181937.txt,D20181947.txt;podstawowy 347, 
D20181943.txt,D20181950.txt;
D20181937.txt,D20181943.txt;
D20181937.txt,D20181947.txt;podwodny 348, 
D20181943.txt,D20181950.txt;
D20181937.txt,D20181943.txt;
D20181937.txt,D20181947.txt;poprawka 349, 
D20181943.txt,D20181950.txt;
D20181937.txt,D20181943.txt;
D20181937.txt,D20181947.txt;posiadacza 350, 
D20181943.txt,D20181950.txt;
D20181937.txt,D20181943.txt;
D20181937.txt,D20181947.txt;potrzeba 351, 
D20181943.txt,D20181950.txt;
D20181937.txt,D20181943.txt;
D20181937.txt,D20181947.txt;potwierdzenie 352, 
D20181943.txt,D20181950.txt;
D20181937.txt,D20181943.txt;
D20181937.txt,D20181947.txt;potwierdziæ 353, 
D20181943.txt,D20181950.txt;
D20181937.txt,D20181943.txt;
D20181937.txt,D20181947.txt;powód 354, 
D20181943.txt,D20181950.txt;
D20181937.txt,D20181943.txt;
D20181937.txt,D20181947.txt;prawdopodobieñstwo 355, 
D20181943.txt,D20181950.txt;
D20181937.txt,D20181943.txt;
D20181937.txt,D20181947.txt;profil 356, 
D20181943.txt,D20181950.txt;
D20181937.txt,D20181943.txt;
D20181937.txt,D20181947.txt;projektowaæ 357, 
D20181943.txt,D20181950.txt;
D20181937.txt,D20181943.txt;
D20181937.txt,D20181947.txt;przepis 358, 
D20181943.txt,D20181950.txt;
D20181937.txt,D20181943.txt;
D20181937.txt,D20181947.txt;przeprowadziæ 359, 
D20181943.txt,D20181950.txt;
D20181937.txt,D20181943.txt;
D20181937.txt,D20181947.txt;przetwornik 360, 
D20181943.txt,D20181950.txt;
D20181937.txt,D20181943.txt;
D20181937.txt,D20181947.txt;przewidywaæ 361, 
D20181943.txt,D20181950.txt;
D20181937.txt,D20181943.txt;
D20181937.txt,D20181947.txt;przygotowanie 362, 
D20181943.txt,D20181950.txt;
D20181937.txt,D20181943.txt;
D20181937.txt,D20181947.txt;przypadek 363, 
D20181943.txt,D20181950.txt;
D20181937.txt,D20181943.txt;
D20181937.txt,D20181947.txt;publikacji 364, 
D20181943.txt,D20181950.txt;
D20181937.txt,D20181943.txt;
D20181937.txt,D20181947.txt;publikacyjny 365, 
D20181943.txt,D20181950.txt;
D20181937.txt,D20181943.txt;
D20181937.txt,D20181947.txt;p³ywowy 366, 
D20181943.txt,D20181950.txt;
D20181937.txt,D20181943.txt;
D20181937.txt,D20181947.txt;realizacja 367, 
D20181943.txt,D20181950.txt;
D20181937.txt,D20181943.txt;
D20181937.txt,D20181947.txt;realizowaæ 368, 
D20181943.txt,D20181950.txt;
D20181937.txt,D20181943.txt;
D20181937.txt,D20181947.txt;rezultat 369, 
D20181943.txt,D20181950.txt;
D20181937.txt,D20181943.txt;
D20181937.txt,D20181947.txt;rozpatrywaæ 370, 
D20181943.txt,D20181950.txt;
D20181937.txt,D20181943.txt;
D20181937.txt,D20181947.txt;rozpatrzenie 371, 
D20181943.txt,D20181950.txt;
D20181937.txt,D20181943.txt;
D20181937.txt,D20181947.txt;rozpowszechniaæ 372, 
D20181943.txt,D20181950.txt;
D20181937.txt,D20181943.txt;
D20181937.txt,D20181947.txt;rozpraszanie 373, 
D20181943.txt,D20181950.txt;
D20181937.txt,D20181943.txt;
D20181937.txt,D20181947.txt;równanie 374, 
D20181943.txt,D20181950.txt;
D20181937.txt,D20181943.txt;
D20181937.txt,D20181947.txt;ró¿norodny 375, 
D20181943.txt,D20181950.txt;
D20181937.txt,D20181943.txt;
D20181937.txt,D20181947.txt;satelitarny 376, 
D20181943.txt,D20181950.txt;
D20181937.txt,D20181943.txt;
D20181937.txt,D20181947.txt;semestr 377, 
D20181943.txt,D20181950.txt;
D20181937.txt,D20181943.txt;
D20181937.txt,D20181947.txt;seminarium 378, 
D20181943.txt,D20181950.txt;
D20181937.txt,D20181943.txt;
D20181937.txt,D20181947.txt;sonar 379, 
D20181943.txt,D20181950.txt;
D20181937.txt,D20181943.txt;
D20181937.txt,D20181947.txt;sonarowy 380, 
D20181943.txt,D20181950.txt;
D20181937.txt,D20181943.txt;
D20181937.txt,D20181947.txt;spodziewany 381, 
D20181943.txt,D20181950.txt;
D20181937.txt,D20181943.txt;
D20181937.txt,D20181947.txt;sprawozdanie 382, 
D20181943.txt,D20181950.txt;
D20181937.txt,D20181943.txt;
D20181937.txt,D20181947.txt;sprzêt 383, 
D20181943.txt,D20181950.txt;
D20181937.txt,D20181943.txt;
D20181937.txt,D20181947.txt;standards 384, 
D20181943.txt,D20181950.txt;
D20181937.txt,D20181943.txt;
D20181937.txt,D20181947.txt;statek 385, 
D20181943.txt,D20181950.txt;
D20181937.txt,D20181943.txt;
D20181937.txt,D20181947.txt;stosowany 386, 
D20181943.txt,D20181950.txt;
D20181937.txt,D20181943.txt;
D20181937.txt,D20181947.txt;stosowaæ 387, 
D20181943.txt,D20181950.txt;
D20181937.txt,D20181943.txt;
D20181937.txt,D20181947.txt;strefa 388, 
D20181943.txt,D20181950.txt;
D20181937.txt,D20181943.txt;
D20181937.txt,D20181947.txt;struktura 389, 
D20181943.txt,D20181950.txt;
D20181937.txt,D20181943.txt;
D20181937.txt,D20181947.txt;student 390, 
D20181943.txt,D20181950.txt;
D20181937.txt,D20181943.txt;
D20181937.txt,D20181947.txt;surveyors 391, 
D20181943.txt,D20181950.txt;
D20181937.txt,D20181943.txt;
D20181937.txt,D20181947.txt;techniczny 392, 
D20181943.txt,D20181950.txt;
D20181937.txt,D20181943.txt;
D20181937.txt,D20181947.txt;technologia 393, 
D20181943.txt,D20181950.txt;
D20181937.txt,D20181943.txt;
D20181937.txt,D20181947.txt;telefon 394, 
D20181943.txt,D20181950.txt;
D20181937.txt,D20181943.txt;
D20181937.txt,D20181947.txt;temat 395, 
D20181943.txt,D20181950.txt;
D20181937.txt,D20181943.txt;
D20181937.txt,D20181947.txt;tematyka 396, 
D20181943.txt,D20181950.txt;
D20181937.txt,D20181943.txt;
D20181937.txt,D20181947.txt;terenowy 397, 
D20181943.txt,D20181950.txt;
D20181937.txt,D20181943.txt;
D20181937.txt,D20181947.txt;trakt 398, 
D20181943.txt,D20181950.txt;
D20181937.txt,D20181943.txt;tryb 399, 
D20181943.txt,D20181947.txt;tryb 399, 
D20181943.txt,D20181950.txt;
D20181937.txt,D20181943.txt;
D20181937.txt,D20181947.txt;tydzieñ 400, 
D20181943.txt,D20181950.txt;
D20181937.txt,D20181943.txt;
D20181937.txt,D20181947.txt;uczestnik 401, 
D20181943.txt,D20181950.txt;
D20181937.txt,D20181943.txt;
D20181937.txt,D20181947.txt;uk³ad 402, 
D20181943.txt,D20181950.txt;
D20181937.txt,D20181943.txt;
D20181937.txt,D20181947.txt;ustalenie 403, 
D20181943.txt,D20181950.txt;
D20181937.txt,D20181943.txt;
D20181937.txt,D20181947.txt;us³uga 404, 
D20181943.txt,D20181950.txt;us³uga 404, 
D20181943.txt,D20181937.txt;
D20181937.txt,D20181943.txt;
D20181937.txt,D20181947.txt;uwzglêdniaæ 405, 
D20181943.txt,D20181950.txt;
D20181937.txt,D20181943.txt;
D20181937.txt,D20181947.txt;uwzglêdnienie 406, 
D20181943.txt,D20181950.txt;
D20181937.txt,D20181943.txt;
D20181937.txt,D20181947.txt;uzgodnienie 407, 
D20181943.txt,D20181950.txt;
D20181937.txt,D20181943.txt;
D20181937.txt,D20181947.txt;uzupe³nienie 408, 
D20181943.txt,D20181950.txt;
D20181937.txt,D20181943.txt;
D20181937.txt,D20181947.txt;uzyskiwaæ 409, 
D20181943.txt,D20181950.txt;
D20181937.txt,D20181943.txt;
D20181937.txt,D20181947.txt;warunek 410, 
D20181943.txt,D20181950.txt;
D20181937.txt,D20181943.txt;
D20181937.txt,D20181947.txt;wczesny 411, 
D20181943.txt,D20181950.txt;
D20181937.txt,D20181943.txt;
D20181937.txt,D20181947.txt;wiarygodnoœæ 412, 
D20181943.txt,D20181950.txt;
D20181937.txt,D20181943.txt;
D20181937.txt,D20181947.txt;wielkoœæ 413, 
D20181943.txt,D20181950.txt;
D20181937.txt,D20181943.txt;
D20181937.txt,D20181947.txt;wizualizacja 414, 
D20181943.txt,D20181950.txt;
D20181937.txt,D20181943.txt;
D20181937.txt,D20181947.txt;wi¹zka 415, 
D20181943.txt,D20181950.txt;
D20181937.txt,D20181943.txt;
D20181937.txt,D20181947.txt;wliczaæ 416, 
D20181943.txt,D20181950.txt;
D20181937.txt,D20181943.txt;
D20181937.txt,D20181947.txt;wodny 417, 
D20181943.txt,D20181950.txt;
D20181937.txt,D20181943.txt;
D20181937.txt,D20181947.txt;wojennej 418, 
D20181943.txt,D20181950.txt;
D20181937.txt,D20181943.txt;
D20181937.txt,D20181947.txt;wskazanie 419, 
D20181943.txt,D20181950.txt;
D20181937.txt,D20181943.txt;
D20181937.txt,D20181947.txt;wspó³rzêdna 420, 
D20181943.txt,D20181950.txt;
D20181937.txt,D20181943.txt;
D20181937.txt,D20181947.txt;wsteczny 421, 
D20181943.txt,D20181950.txt;
D20181937.txt,D20181943.txt;
D20181937.txt,D20181947.txt;wstêpna 422, 
D20181943.txt,D20181950.txt;
D20181937.txt,D20181943.txt;
D20181937.txt,D20181947.txt;wykorzystanie 423, 
D20181943.txt,D20181950.txt;
D20181937.txt,D20181943.txt;
D20181937.txt,D20181947.txt;wykorzystywaæ 424, 
D20181943.txt,D20181950.txt;
D20181937.txt,D20181943.txt;
D20181937.txt,D20181947.txt;wykszta³cenie 425, 
D20181943.txt,D20181950.txt;
D20181937.txt,D20181943.txt;
D20181937.txt,D20181947.txt;wyk³adowca 426, 
D20181943.txt,D20181950.txt;
D20181937.txt,D20181943.txt;wymiar 427, 
D20181943.txt,D20181947.txt;wymiar 427, 
D20181943.txt,D20181950.txt;
D20181937.txt,D20181943.txt;
D20181937.txt,D20181947.txt;wyraziæ 428, 
D20181943.txt,D20181950.txt;
D20181937.txt,D20181943.txt;
D20181937.txt,D20181947.txt;wzywaæ 429, 
D20181943.txt,D20181950.txt;
D20181937.txt,D20181943.txt;
D20181937.txt,D20181947.txt;zabezpieczenie 430, 
D20181943.txt,D20181950.txt;
D20181937.txt,D20181943.txt;
D20181937.txt,D20181947.txt;zadanie 431, 
D20181943.txt,D20181950.txt;
D20181937.txt,D20181943.txt;
D20181937.txt,D20181947.txt;zagadnienie 432, 
D20181943.txt,D20181950.txt;
D20181937.txt,D20181943.txt;
D20181937.txt,D20181947.txt;zakoñczenie 433, 
D20181943.txt,D20181950.txt;
D20181937.txt,D20181943.txt;
D20181937.txt,D20181947.txt;zamierzyæ 434, 
D20181943.txt,D20181950.txt;
D20181937.txt,D20181943.txt;
D20181937.txt,D20181947.txt;zbieranie 435, 
D20181943.txt,D20181950.txt;
D20181937.txt,D20181943.txt;
D20181937.txt,D20181947.txt;zdjêcie 436, 
D20181943.txt,D20181950.txt;
D20181937.txt,D20181943.txt;
D20181937.txt,D20181947.txt;Ÿród³o 437, 
D20181943.txt,D20181950.txt;
D20181937.txt,D20181943.txt;
D20181937.txt,D20181947.txt;¿egluga 438, 
D20181943.txt,D20181950.txt;
D20181937.txt,D20181943.txt;punkt 439, 
D20181943.txt,D20181947.txt;punkt 439, 
D20181943.txt,D20181950.txt;
D20181937.txt,D20181943.txt;alba 440, 
D20181943.txt,D20181947.txt;alba 440, 
D20181943.txt,D20181950.txt;
D20181937.txt,D20181943.txt;
D20181937.txt,D20181947.txt;bie¿eæ 441, 
D20181943.txt,D20181950.txt;bie¿eæ 441, 
D20181943.txt,D20181937.txt;
D20181937.txt,D20181943.txt;
D20181937.txt,D20181947.txt;czêœæ 442, 
D20181943.txt,D20181950.txt;czêœæ 442, 
D20181943.txt,D20181937.txt;
D20181937.txt,D20181943.txt;miast 443, 
D20181943.txt,D20181947.txt;miast 443, 
D20181943.txt,D20181950.txt;
D20181937.txt,D20181943.txt;nazwa 444, 
D20181943.txt,D20181947.txt;nazwa 444, 
D20181943.txt,D20181950.txt;
D20181937.txt,D20181943.txt;odstêp 445, 
D20181943.txt,D20181947.txt;odstêp 445, 
D20181943.txt,D20181950.txt;
D20181937.txt,D20181943.txt;przedstawiaæ 446, 
D20181943.txt,D20181947.txt;przedstawiaæ 446, 
D20181943.txt,D20181950.txt;
D20181937.txt,D20181943.txt;
D20181937.txt,D20181947.txt;rama 447, 
D20181943.txt,D20181950.txt;rama 447, 
D20181943.txt,D20181937.txt;
D20181937.txt,D20181943.txt;siedziba 448, 
D20181943.txt,D20181947.txt;siedziba 448, 
D20181943.txt,D20181950.txt;
D20181937.txt,D20181943.txt;up³yw 449, 
D20181943.txt,D20181947.txt;up³yw 449, 
D20181943.txt,D20181950.txt;
D20181937.txt,D20181943.txt;wykonaæ 450, 
D20181943.txt,D20181947.txt;wykonaæ 450, 
D20181943.txt,D20181950.txt;
D20181937.txt,D20181943.txt;wysokoœæ 451, 
D20181943.txt,D20181947.txt;wysokoœæ 451, 
D20181943.txt,D20181950.txt;
D20181937.txt,D20181943.txt;zastêpstwie 452, 
D20181943.txt,D20181947.txt;zastêpstwie 452, 
D20181943.txt,D20181950.txt;
D20181937.txt,D20181943.txt;ziemia 453, 
D20181943.txt,D20181947.txt;ziemia 453, 
D20181943.txt,D20181950.txt;
D20181937.txt,D20181943.txt;minister 454, 
D20181943.txt,D20181947.txt;minister 454, 
D20181943.txt,D20181950.txt;minister 454, 
D20181943.txt,D20181937.txt;
D20181937.txt,D20181943.txt;polski 455, 
D20181943.txt,D20181947.txt;polski 455, 
D20181943.txt,D20181950.txt;
D20181937.txt,D20181943.txt;szczegó³owy 456, 
D20181943.txt,D20181947.txt;szczegó³owy 456, 
D20181943.txt,D20181950.txt;szczegó³owy 456, 
D20181943.txt,D20181937.txt;
D20181937.txt,D20181943.txt;wat 457, 
D20181943.txt,D20181947.txt;wat 457, 
D20181943.txt,D20181950.txt;wat 457, 
D20181943.txt,D20181937.txt;
D20181937.txt,D20181943.txt;administracja 458, 
D20181943.txt,D20181947.txt;administracja 458, 
D20181943.txt,D20181950.txt;administracja 458, 
D20181943.txt,D20181937.txt;
D20181937.txt,D20181943.txt;jednostka 459, 
D20181943.txt,D20181947.txt;jednostka 459, 
D20181943.txt,D20181950.txt;jednostka 459, 
D20181943.txt,D20181937.txt;
D20181937.txt,D20181943.txt;nastêpowaæ 460, 
D20181943.txt,D20181947.txt;nastêpowaæ 460, 
D20181943.txt,D20181950.txt;nastêpowaæ 460, 
D20181943.txt,D20181937.txt;
D20181937.txt,D20181943.txt;og³osiæ 461, 
D20181943.txt,D20181947.txt;og³osiæ 461, 
D20181943.txt,D20181950.txt;og³osiæ 461, 
D20181943.txt,D20181937.txt;
D20181937.txt,D20181943.txt;rok 462, 
D20181943.txt,D20181947.txt;rok 462, 
D20181943.txt,D20181950.txt;rok 462, 
D20181943.txt,D20181937.txt;
D20181937.txt,D20181943.txt;rzeczpospolita 463, 
D20181943.txt,D20181947.txt;rzeczpospolita 463, 
D20181943.txt,D20181950.txt;
D20181937.txt,D20181943.txt;w 464, 
D20181943.txt,D20181947.txt;w 464, 
D20181943.txt,D20181950.txt;
D20181937.txt,D20181943.txt;wchodziæ 465, 
D20181943.txt,D20181947.txt;wchodziæ 465, 
D20181943.txt,D20181950.txt;wchodziæ 465, 
D20181943.txt,D20181937.txt;
D20181937.txt,D20181943.txt;wrzesieñ 466, 
D20181943.txt,D20181947.txt;wrzesieñ 466, 
D20181943.txt,D20181950.txt;
D20181950.txt,D20181943.txt;
D20181937.txt,D20181947.txt;
D20181937.txt,D20181950.txt;wynagrodzenie 1, 
D20181943.txt,D20181937.txt;
D20181937.txt,D20181943.txt;
D20181937.txt,D20181947.txt;
D20181937.txt,D20181950.txt;wydatek 2, 
D20181943.txt,D20181937.txt;
D20181937.txt,D20181943.txt;
D20181937.txt,D20181947.txt;
D20181937.txt,D20181950.txt;bud¿et 3, 
D20181943.txt,D20181937.txt;
D20181937.txt,D20181943.txt;
D20181937.txt,D20181947.txt;
D20181937.txt,D20181950.txt;pañstwo 4, 
D20181943.txt,D20181937.txt;
D20181937.txt,D20181943.txt;
D20181937.txt,D20181947.txt;
D20181937.txt,D20181950.txt;przeniesienie 5, 
D20181943.txt,D20181937.txt;
D20181937.txt,D20181943.txt;
D20181937.txt,D20181947.txt;
D20181937.txt,D20181950.txt;kwota 6, 
D20181943.txt,D20181937.txt;
D20181937.txt,D20181943.txt;
D20181937.txt,D20181947.txt;
D20181937.txt,D20181950.txt;budownictwo 7, 
D20181943.txt,D20181937.txt;
D20181937.txt,D20181943.txt;
D20181937.txt,D20181947.txt;
D20181937.txt,D20181950.txt;centralne 8, 
D20181943.txt,D20181937.txt;
D20181937.txt,D20181943.txt;
D20181937.txt,D20181947.txt;
D20181937.txt,D20181950.txt;cywilny 9, 
D20181943.txt,D20181937.txt;
D20181937.txt,D20181943.txt;
D20181937.txt,D20181947.txt;
D20181937.txt,D20181950.txt;cz³onka 10, 
D20181943.txt,D20181937.txt;
D20181937.txt,D20181943.txt;
D20181937.txt,D20181947.txt;
D20181937.txt,D20181950.txt;fundusz 11, 
D20181943.txt,D20181937.txt;
D20181937.txt,D20181943.txt;
D20181937.txt,D20181947.txt;
D20181937.txt,D20181950.txt;informatyzacja 12, 
D20181943.txt,D20181937.txt;
D20181937.txt,D20181943.txt;
D20181937.txt,D20181947.txt;
D20181937.txt,D20181950.txt;korpus 13, 
D20181943.txt,D20181937.txt;
D20181937.txt,D20181943.txt;
D20181937.txt,D20181947.txt;
D20181937.txt,D20181950.txt;mieszkalnictwo 14, 
D20181943.txt,D20181937.txt;
D20181937.txt,D20181943.txt;
D20181937.txt,D20181947.txt;
D20181937.txt,D20181950.txt;naczelna 15, 
D20181943.txt,D20181937.txt;
D20181937.txt,D20181943.txt;
D20181937.txt,D20181947.txt;
D20181937.txt,D20181950.txt;organ 16, 
D20181943.txt,D20181937.txt;
D20181937.txt,D20181943.txt;
D20181937.txt,D20181947.txt;
D20181937.txt,D20181950.txt;publiczny 17, 
D20181943.txt,D20181937.txt;
D20181937.txt,D20181943.txt;
D20181937.txt,D20181947.txt;
D20181937.txt,D20181950.txt;sk³adka 18, 
D20181943.txt,D20181937.txt;
D20181937.txt,D20181943.txt;
D20181937.txt,D20181947.txt;
D20181937.txt,D20181950.txt;urz¹d 19, 
D20181943.txt,D20181937.txt;
D20181937.txt,D20181943.txt;
D20181937.txt,D20181947.txt;
D20181937.txt,D20181950.txt;zagospodarowaæ 20, 
D20181943.txt,D20181937.txt;
D20181937.txt,D20181943.txt;
D20181937.txt,D20181947.txt;planowaæ 21, 
D20181943.txt,D20181950.txt;planowaæ 21, 
D20181943.txt,D20181937.txt;
D20181937.txt,D20181943.txt;
D20181937.txt,D20181947.txt;
D20181937.txt,D20181950.txt;rozdziaæ 22, 
D20181943.txt,D20181937.txt;
D20181937.txt,D20181943.txt;czêsty 23, 
D20181943.txt,D20181947.txt;
D20181937.txt,D20181950.txt;czêsty 23, 
D20181943.txt,D20181937.txt;
D20181937.txt,D20181943.txt;pañstwowy 24, 
D20181943.txt,D20181947.txt;
D20181937.txt,D20181950.txt;pañstwowy 24, 
D20181943.txt,D20181937.txt;
D20181937.txt,D20181943.txt;
D20181937.txt,D20181947.txt;przestrzenny 25, 
D20181943.txt,D20181950.txt;przestrzenny 25, 
D20181943.txt,D20181937.txt;
D20181937.txt,D20181943.txt;rz¹dowy 26, 
D20181943.txt,D20181947.txt;
D20181937.txt,D20181950.txt;rz¹dowy 26, 
D20181943.txt,D20181937.txt;
D20181937.txt,D20181943.txt;
D20181937.txt,D20181947.txt;
D20181937.txt,D20181950.txt;bezosobowy 27, 
D20181943.txt,D20181937.txt;
D20181937.txt,D20181943.txt;
D20181937.txt,D20181947.txt;
D20181937.txt,D20181950.txt;dzia³a 28, 
D20181943.txt,D20181937.txt;
D20181937.txt,D20181943.txt;
D20181937.txt,D20181947.txt;
D20181937.txt,D20181950.txt;minimalizacja 29, 
D20181943.txt,D20181937.txt;
D20181937.txt,D20181943.txt;
D20181937.txt,D20181947.txt;
D20181937.txt,D20181950.txt;ministerstwo 30, 
D20181943.txt,D20181937.txt;
D20181937.txt,D20181943.txt;
D20181937.txt,D20181947.txt;
D20181937.txt,D20181950.txt;odpis 31, 
D20181943.txt,D20181937.txt;
D20181937.txt,D20181943.txt;
D20181937.txt,D20181947.txt;
D20181937.txt,D20181950.txt;osobowy 32, 
D20181943.txt,D20181937.txt;
D20181937.txt,D20181943.txt;
D20181937.txt,D20181947.txt;planowanie 33, 
D20181943.txt,D20181950.txt;planowanie 33, 
D20181943.txt,D20181937.txt;
D20181937.txt,D20181943.txt;
D20181937.txt,D20181947.txt;
D20181937.txt,D20181950.txt;przenosiæ 34, 
D20181943.txt,D20181937.txt;
D20181937.txt,D20181943.txt;
D20181937.txt,D20181947.txt;
D20181937.txt,D20181950.txt;socjalna 35, 
D20181943.txt,D20181937.txt;
D20181937.txt,D20181943.txt;
D20181937.txt,D20181947.txt;
D20181937.txt,D20181950.txt;spo³eczny 36, 
D20181943.txt,D20181937.txt;
D20181937.txt,D20181943.txt;s³u¿ba 37, 
D20181943.txt,D20181947.txt;
D20181937.txt,D20181950.txt;s³u¿ba 37, 
D20181943.txt,D20181937.txt;
D20181937.txt,D20181943.txt;
D20181937.txt,D20181947.txt;
D20181937.txt,D20181950.txt;ubezpieczenie 38, 
D20181943.txt,D20181937.txt;
D20181937.txt,D20181943.txt;
D20181937.txt,D20181947.txt;
D20181937.txt,D20181950.txt;wyszczególnienie 39, 
D20181943.txt,D20181937.txt;
D20181937.txt,D20181943.txt;
D20181937.txt,D20181947.txt;
D20181937.txt,D20181950.txt;wzmocnienie 40, 
D20181943.txt,D20181937.txt;
D20181937.txt,D20181943.txt;
D20181937.txt,D20181947.txt;
D20181937.txt,D20181950.txt;zak³adowy 41, 
D20181943.txt,D20181937.txt;
D20181937.txt,D20181943.txt;
D20181937.txt,D20181947.txt;
D20181937.txt,D20181950.txt;zmniejszenie 42, 
D20181943.txt,D20181937.txt;
D20181937.txt,D20181943.txt;
D20181937.txt,D20181947.txt;
D20181937.txt,D20181950.txt;zwiêkszenie 43, 
D20181943.txt,D20181937.txt;
D20181937.txt,D20181943.txt;
D20181937.txt,D20181947.txt;
D20181937.txt,D20181950.txt;œwiadczenie 44, 
D20181943.txt,D20181937.txt;
D20181937.txt,D20181943.txt;administracja 45, 
D20181943.txt,D20181947.txt;administracja 45, 
D20181943.txt,D20181950.txt;administracja 45, 
D20181943.txt,D20181937.txt;
D20181937.txt,D20181943.txt;za³¹cznik 46, 
D20181943.txt,D20181947.txt;za³¹cznik 46, 
D20181943.txt,D20181950.txt;za³¹cznik 46, 
D20181943.txt,D20181937.txt;
D20181937.txt,D20181943.txt;
D20181937.txt,D20181947.txt;czêœæ 47, 
D20181943.txt,D20181950.txt;czêœæ 47, 
D20181943.txt,D20181937.txt;
D20181937.txt,D20181943.txt;prezes 48, 
D20181943.txt,D20181947.txt;
D20181937.txt,D20181950.txt;prezes 48, 
D20181943.txt,D20181937.txt;
D20181937.txt,D20181943.txt;rad 49, 
D20181943.txt,D20181947.txt;
D20181937.txt,D20181950.txt;rad 49, 
D20181943.txt,D20181937.txt;
D20181937.txt,D20181943.txt;z³oty 50, 
D20181943.txt,D20181947.txt;
D20181937.txt,D20181950.txt;z³oty 50, 
D20181943.txt,D20181937.txt;
D20181937.txt,D20181943.txt;rozporz¹dzenie 51, 
D20181943.txt,D20181947.txt;rozporz¹dzenie 51, 
D20181943.txt,D20181950.txt;rozporz¹dzenie 51, 
D20181943.txt,D20181937.txt;
D20181937.txt,D20181943.txt;
D20181937.txt,D20181947.txt;bie¿eæ 52, 
D20181943.txt,D20181950.txt;bie¿eæ 52, 
D20181943.txt,D20181937.txt;
D20181937.txt,D20181943.txt;
D20181937.txt,D20181947.txt;
D20181937.txt,D20181950.txt;bud¿etowy 53, 
D20181943.txt,D20181937.txt;
D20181937.txt,D20181943.txt;
D20181937.txt,D20181947.txt;
D20181937.txt,D20181950.txt;cyfryzacja 54, 
D20181943.txt,D20181937.txt;
D20181937.txt,D20181943.txt;
D20181937.txt,D20181947.txt;
D20181937.txt,D20181950.txt;dokonanie 55, 
D20181943.txt,D20181937.txt;
D20181937.txt,D20181943.txt;
D20181937.txt,D20181947.txt;
D20181937.txt,D20181950.txt;dotyczyæ 56, 
D20181943.txt,D20181937.txt;
D20181937.txt,D20181943.txt;dziaæ 57, 
D20181943.txt,D20181947.txt;
D20181937.txt,D20181950.txt;dziaæ 57, 
D20181943.txt,D20181937.txt;
D20181937.txt,D20181943.txt;
D20181937.txt,D20181947.txt;grupa 58, 
D20181943.txt,D20181950.txt;grupa 58, 
D20181943.txt,D20181937.txt;
D20181937.txt,D20181943.txt;
D20181937.txt,D20181947.txt;
D20181937.txt,D20181950.txt;identyfikacja 59, 
D20181943.txt,D20181937.txt;identyfikacja 59, 
D20181943.txt,D20181947.txt;
D20181937.txt,D20181950.txt;infrastruktura 60, 
D20181943.txt,D20181937.txt;
D20181937.txt,D20181943.txt;
D20181937.txt,D20181947.txt;
D20181937.txt,D20181950.txt;inwestycja 61, 
D20181943.txt,D20181937.txt;
D20181937.txt,D20181943.txt;
D20181937.txt,D20181947.txt;
D20181937.txt,D20181950.txt;kwiecieñ 62, 
D20181943.txt,D20181937.txt;
D20181937.txt,D20181943.txt;
D20181937.txt,D20181947.txt;
D20181937.txt,D20181950.txt;morawiecki 63, 
D20181943.txt,D20181937.txt;
D20181937.txt,D20181943.txt;
D20181937.txt,D20181947.txt;
D20181937.txt,D20181950.txt;niektóry 64, 
D20181943.txt,D20181937.txt;niektóry 64, 
D20181943.txt,D20181947.txt;okreœlaæ 65, 
D20181943.txt,D20181950.txt;okreœlaæ 65, 
D20181943.txt,D20181937.txt;
D20181937.txt,D20181943.txt;
D20181937.txt,D20181947.txt;
D20181937.txt,D20181950.txt;paragraf 66, 
D20181943.txt,D20181937.txt;
D20181937.txt,D20181943.txt;
D20181937.txt,D20181947.txt;
D20181937.txt,D20181950.txt;paŸdziernik 67, 
D20181943.txt,D20181937.txt;paŸdziernik 67, 
D20181943.txt,D20181947.txt;
D20181937.txt,D20181950.txt;podziaæ 68, 
D20181943.txt,D20181937.txt;
D20181937.txt,D20181943.txt;
D20181937.txt,D20181947.txt;
D20181937.txt,D20181950.txt;podzia³ 69, 
D20181943.txt,D20181937.txt;
D20181937.txt,D20181943.txt;
D20181937.txt,D20181947.txt;praca 70, 
D20181943.txt,D20181950.txt;praca 70, 
D20181943.txt,D20181937.txt;
D20181937.txt,D20181943.txt;
D20181937.txt,D20181947.txt;
D20181937.txt,D20181950.txt;rozwój 71, 
D20181943.txt,D20181937.txt;
D20181937.txt,D20181943.txt;
D20181937.txt,D20181947.txt;us³uga 72, 
D20181943.txt,D20181950.txt;us³uga 72, 
D20181943.txt,D20181937.txt;
D20181937.txt,D20181943.txt;
D20181937.txt,D20181947.txt;
D20181937.txt,D20181950.txt;zgodnie 73, 
D20181943.txt,D20181937.txt;
D20181937.txt,D20181943.txt;
D20181937.txt,D20181947.txt;
D20181937.txt,D20181950.txt;z³ 74, 
D20181943.txt,D20181937.txt;
D20181937.txt,D20181943.txt;minister 75, 
D20181943.txt,D20181947.txt;minister 75, 
D20181943.txt,D20181950.txt;minister 75, 
D20181943.txt,D20181937.txt;
D20181937.txt,D20181943.txt;
D20181937.txt,D20181947.txt;informacja 76, 
D20181943.txt,D20181950.txt;informacja 76, 
D20181943.txt,D20181937.txt;
D20181937.txt,D20181943.txt;
D20181937.txt,D20181947.txt;rama 77, 
D20181943.txt,D20181950.txt;rama 77, 
D20181943.txt,D20181937.txt;
D20181937.txt,D20181943.txt;sprawa 78, 
D20181943.txt,D20181947.txt;
D20181937.txt,D20181950.txt;sprawa 78, 
D20181943.txt,D20181937.txt;
D20181937.txt,D20181943.txt;zarz¹dzaæ 79, 
D20181943.txt,D20181947.txt;
D20181937.txt,D20181950.txt;zarz¹dzaæ 79, 
D20181943.txt,D20181937.txt;
D20181937.txt,D20181943.txt;dziennik 80, 
D20181943.txt,D20181947.txt;dziennik 80, 
D20181943.txt,D20181950.txt;dziennik 80, 
D20181943.txt,D20181937.txt;
D20181937.txt,D20181943.txt;jednostka 81, 
D20181943.txt,D20181947.txt;jednostka 81, 
D20181943.txt,D20181950.txt;jednostka 81, 
D20181943.txt,D20181937.txt;
D20181937.txt,D20181943.txt;
D20181937.txt,D20181947.txt;mowa 82, 
D20181943.txt,D20181950.txt;mowa 82, 
D20181943.txt,D20181937.txt;mowa 82, 
D20181943.txt,D20181947.txt;nastêpowaæ 83, 
D20181943.txt,D20181950.txt;nastêpowaæ 83, 
D20181943.txt,D20181937.txt;
D20181937.txt,D20181943.txt;og³osiæ 84, 
D20181943.txt,D20181947.txt;og³osiæ 84, 
D20181943.txt,D20181950.txt;og³osiæ 84, 
D20181943.txt,D20181937.txt;
D20181937.txt,D20181943.txt;okreœliæ 85, 
D20181943.txt,D20181947.txt;okreœliæ 85, 
D20181943.txt,D20181950.txt;okreœliæ 85, 
D20181943.txt,D20181937.txt;
D20181937.txt,D20181943.txt;rok 86, 
D20181943.txt,D20181947.txt;rok 86, 
D20181943.txt,D20181950.txt;rok 86, 
D20181943.txt,D20181937.txt;
D20181937.txt,D20181943.txt;szczegó³owy 87, 
D20181943.txt,D20181947.txt;szczegó³owy 87, 
D20181943.txt,D20181950.txt;szczegó³owy 87, 
D20181943.txt,D20181937.txt;
D20181937.txt,D20181943.txt;wat 88, 
D20181943.txt,D20181947.txt;wat 88, 
D20181943.txt,D20181950.txt;wat 88, 
D20181943.txt,D20181937.txt;
D20181937.txt,D20181943.txt;wchodziæ 89, 
D20181943.txt,D20181947.txt;wchodziæ 89, 
D20181943.txt,D20181950.txt;wchodziæ 89, 
D20181943.txt,D20181937.txt;
D20181937.txt,D20181943.txt;
D20181937.txt,D20181947.txt;
D20181937.txt,D20181950.txt;
D20181937.txt,D20181943.txt;
D20181937.txt,D20181947.txt;
D20181937.txt,D20181950.txt;
D20181937.txt,D20181943.txt;
D20181937.txt,D20181947.txt;
D20181937.txt,D20181950.txt;
D20181937.txt,D20181943.txt;
D20181937.txt,D20181947.txt;
D20181937.txt,D20181950.txt;
D20181937.txt,D20181943.txt;
D20181937.txt,D20181947.txt;
D20181937.txt,D20181950.txt;
D20181937.txt,D20181943.txt;
D20181937.txt,D20181947.txt;arta 6, 
D20181943.txt,D20181950.txt;
D20181937.txt,D20181943.txt;
D20181937.txt,D20181947.txt;
D20181937.txt,D20181950.txt;
D20181937.txt,D20181943.txt;
D20181937.txt,D20181947.txt;
D20181937.txt,D20181950.txt;
D20181937.txt,D20181943.txt;
D20181937.txt,D20181947.txt;
D20181937.txt,D20181950.txt;
D20181937.txt,D20181943.txt;
D20181937.txt,D20181947.txt;
D20181937.txt,D20181950.txt;
D20181937.txt,D20181943.txt;
D20181937.txt,D20181947.txt;
D20181937.txt,D20181950.txt;
D20181937.txt,D20181943.txt;
D20181937.txt,D20181947.txt;
D20181937.txt,D20181950.txt;
D20181937.txt,D20181943.txt;
D20181937.txt,D20181947.txt;
D20181937.txt,D20181950.txt;
D20181937.txt,D20181943.txt;
D20181937.txt,D20181947.txt;
D20181937.txt,D20181950.txt;
D20181937.txt,D20181943.txt;
D20181937.txt,D20181947.txt;
D20181937.txt,D20181950.txt;
D20181937.txt,D20181943.txt;
D20181937.txt,D20181947.txt;
D20181937.txt,D20181950.txt;
D20181937.txt,D20181943.txt;
D20181937.txt,D20181947.txt;
D20181937.txt,D20181950.txt;
D20181937.txt,D20181943.txt;
D20181937.txt,D20181947.txt;
D20181937.txt,D20181950.txt;
D20181937.txt,D20181943.txt;
D20181937.txt,D20181947.txt;
D20181937.txt,D20181950.txt;
D20181937.txt,D20181943.txt;
D20181937.txt,D20181947.txt;
D20181937.txt,D20181950.txt;
D20181937.txt,D20181943.txt;
D20181937.txt,D20181947.txt;
D20181937.txt,D20181950.txt;
D20181937.txt,D20181943.txt;
D20181937.txt,D20181947.txt;
D20181937.txt,D20181950.txt;
D20181937.txt,D20181943.txt;
D20181937.txt,D20181947.txt;
D20181937.txt,D20181950.txt;
D20181937.txt,D20181943.txt;
D20181937.txt,D20181947.txt;
D20181937.txt,D20181950.txt;
D20181937.txt,D20181943.txt;
D20181937.txt,D20181947.txt;
D20181937.txt,D20181950.txt;
D20181937.txt,D20181943.txt;
D20181937.txt,D20181947.txt;
D20181937.txt,D20181950.txt;
D20181937.txt,D20181943.txt;
D20181937.txt,D20181947.txt;
D20181937.txt,D20181950.txt;paŸdziernik 27, 
D20181943.txt,D20181937.txt;paŸdziernik 27, 
D20181943.txt,D20181947.txt;
D20181937.txt,D20181950.txt;
D20181937.txt,D20181943.txt;
D20181937.txt,D20181947.txt;
D20181937.txt,D20181950.txt;
D20181937.txt,D20181943.txt;
D20181937.txt,D20181947.txt;
D20181937.txt,D20181950.txt;
D20181937.txt,D20181943.txt;
D20181937.txt,D20181947.txt;
D20181937.txt,D20181950.txt;
D20181937.txt,D20181943.txt;
D20181937.txt,D20181947.txt;
D20181937.txt,D20181950.txt;
D20181937.txt,D20181943.txt;
D20181937.txt,D20181947.txt;
D20181937.txt,D20181950.txt;
D20181937.txt,D20181943.txt;
D20181937.txt,D20181947.txt;organizacja 34, 
D20181943.txt,D20181950.txt;
D20181937.txt,D20181943.txt;
D20181937.txt,D20181947.txt;
D20181937.txt,D20181950.txt;
D20181937.txt,D20181943.txt;
D20181937.txt,D20181947.txt;
D20181937.txt,D20181950.txt;
D20181937.txt,D20181943.txt;
D20181937.txt,D20181947.txt;
D20181937.txt,D20181950.txt;
D20181937.txt,D20181943.txt;
D20181937.txt,D20181947.txt;
D20181937.txt,D20181950.txt;
D20181937.txt,D20181943.txt;
D20181937.txt,D20181947.txt;
D20181937.txt,D20181950.txt;
D20181937.txt,D20181943.txt;
D20181937.txt,D20181947.txt;
D20181937.txt,D20181950.txt;
D20181937.txt,D20181943.txt;
D20181937.txt,D20181947.txt;
D20181937.txt,D20181950.txt;
D20181937.txt,D20181943.txt;
D20181937.txt,D20181947.txt;
D20181937.txt,D20181950.txt;
D20181937.txt,D20181943.txt;
D20181937.txt,D20181947.txt;
D20181937.txt,D20181950.txt;
D20181937.txt,D20181943.txt;
D20181937.txt,D20181947.txt;
D20181937.txt,D20181950.txt;
D20181937.txt,D20181943.txt;
D20181937.txt,D20181947.txt;
D20181937.txt,D20181950.txt;
D20181937.txt,D20181943.txt;
D20181937.txt,D20181947.txt;
D20181937.txt,D20181950.txt;
D20181937.txt,D20181943.txt;
D20181937.txt,D20181947.txt;
D20181937.txt,D20181950.txt;
D20181937.txt,D20181943.txt;
D20181937.txt,D20181947.txt;
D20181937.txt,D20181950.txt;
D20181937.txt,D20181943.txt;
D20181937.txt,D20181947.txt;
D20181937.txt,D20181950.txt;
D20181937.txt,D20181943.txt;
D20181937.txt,D20181947.txt;
D20181937.txt,D20181950.txt;
D20181937.txt,D20181943.txt;
D20181937.txt,D20181947.txt;
D20181937.txt,D20181950.txt;
D20181937.txt,D20181943.txt;
D20181937.txt,D20181947.txt;
D20181937.txt,D20181950.txt;
D20181937.txt,D20181943.txt;
D20181937.txt,D20181947.txt;
D20181937.txt,D20181950.txt;
D20181937.txt,D20181943.txt;
D20181937.txt,D20181947.txt;
D20181937.txt,D20181950.txt;
D20181937.txt,D20181943.txt;
D20181937.txt,D20181947.txt;
D20181937.txt,D20181950.txt;
D20181937.txt,D20181943.txt;
D20181937.txt,D20181947.txt;
D20181937.txt,D20181950.txt;
D20181937.txt,D20181943.txt;punkt 57, 
D20181943.txt,D20181947.txt;punkt 57, 
D20181943.txt,D20181950.txt;
D20181937.txt,D20181943.txt;brzmienie 58, 
D20181943.txt,D20181947.txt;
D20181937.txt,D20181950.txt;
D20181937.txt,D20181943.txt;
D20181937.txt,D20181947.txt;doœwiadczenie 59, 
D20181943.txt,D20181950.txt;
D20181937.txt,D20181943.txt;
D20181937.txt,D20181947.txt;
D20181937.txt,D20181950.txt;identyfikacja 60, 
D20181943.txt,D20181937.txt;identyfikacja 60, 
D20181943.txt,D20181947.txt;
D20181937.txt,D20181950.txt;niektóry 61, 
D20181943.txt,D20181937.txt;niektóry 61, 
D20181943.txt,D20181947.txt;polski 62, 
D20181943.txt,D20181950.txt;
D20181937.txt,D20181943.txt;rzeczpospolita 63, 
D20181943.txt,D20181947.txt;rzeczpospolita 63, 
D20181943.txt,D20181950.txt;
D20181937.txt,D20181943.txt;
D20181937.txt,D20181947.txt;mowa 64, 
D20181943.txt,D20181950.txt;mowa 64, 
D20181943.txt,D20181937.txt;mowa 64, 
D20181943.txt,D20181947.txt;w 65, 
D20181943.txt,D20181950.txt;
D20181937.txt,D20181943.txt;wrzesieñ 66, 
D20181943.txt,D20181947.txt;wrzesieñ 66, 
D20181943.txt,D20181950.txt;
